meetingplaceref,meetingplacesystemid,meetingplaceid,caseref,meetingplace_place,inversion,location,createdby,createdate,lastupdatedby,lastupdatedon
MP/JO/137,JO,137,C/EGD/1954,Yard,false,own house,jhm,2001-07-10T09:12:34,jhm,2001-07-10T09:14:58
MP/JO/138,JO,138,C/EGD/402,,false,going to Edinburgh,jhm,2001-07-10T09:21:16,jhm,2001-07-10T09:22:35
MP/JO/139,JO,139,C/JO/2830,,false,'moremaddenhole' Leith,jhm,2001-07-10T10:05:45,jhm,2001-07-10T10:06:36
MP/JO/140,JO,140,C/JO/2830,,false,the 'Latch' Edinburgh,jhm,2001-07-10T10:06:00,jhm,2001-07-10T10:06:13
MP/JO/141,JO,141,C/JO/2830,Burn,false,,jhm,2001-07-10T10:06:57,jhm,2001-07-10T10:08:10
MP/JO/142,JO,142,C/LA/2786,,false,Windygoul,jhm,2001-07-10T10:33:20,jhm,2001-07-10T10:33:34
MP/JO/143,JO,143,C/LA/2786,Hilltop,false,Parson's Knoll,jhm,2001-07-10T10:33:36,jhm,2001-07-10T10:33:54
MP/JO/146,JO,146,C/EGD/402,House,false,her own house,jhm,2001-07-10T11:06:07,jhm,2001-07-10T11:06:32
MP/JO/147,JO,147,C/EGD/402,,false,Jock's Lodge,jhm,2001-07-10T11:07:20,jhm,2001-07-10T11:07:33
MP/JO/148,JO,148,C/LA/2785,House yard,false,own house,jhm,2001-07-10T12:06:03,jhm,2001-07-10T12:06:14
MP/JO/149,JO,149,C/LA/2785,House,false,in bedroom,jhm,2001-07-10T12:06:24,jhm,2001-07-10T12:06:37
MP/JO/150,JO,150,C/EGD/395,House,false,own house,jhm,2001-07-10T12:44:28,jhm,2001-07-10T12:44:38
MP/JO/151,JO,151,C/EGD/397,Loch,false,"lochside, beside meadow",jhm,2001-07-10T13:00:51,jhm,2001-07-10T13:01:16
MP/JO/152,JO,152,C/EGD/401,Hilltop,false,Gallolaw,jhm,2001-07-10T15:23:38,jhm,2001-07-10T15:23:45
MP/JO/153,JO,153,C/EGD/401,,false,Jock's Lodge,jhm,2001-07-10T15:23:46,jhm,2001-07-10T15:24:03
MP/JO/154,JO,154,C/EGD/1954,Road,false,Restalrig Loan,jhm,2001-07-10T15:36:41,jhm,2001-07-10T15:37:07
MP/JO/157,JO,157,C/EGD/398,House,false,own house window,jhm,2001-07-10T15:52:40,jhm,2001-07-10T15:53:02
MP/JO/158,JO,158,C/EGD/401,Burn,false,North Meadow burn,jhm,2001-07-10T16:05:11,jhm,2001-07-10T16:05:28
MP/JO/159,JO,159,C/EGD/396,Yard,false,Andrew Simmon's whinns,jhm,2001-07-11T09:52:39,jhm,2001-07-11T09:53:48
MP/JO/160,JO,160,C/EGD/400,Mill,false,'Breastmilne',jhm,2001-07-11T13:06:02,jhm,2001-07-11T13:07:37
MP/JO/165,JO,165,C/EGD/400,,false,Brownesmith?,jhm,2001-07-16T10:42:38,jhm,2001-07-16T10:45:40
MP/JO/170,JO,170,C/JO/2846,Coalpit,false,Southhundall?,jhm,2001-07-24T10:43:03,jhm,2001-07-24T10:44:55
MP/JO/173,JO,173,C/EGD/1298,Burn,false,Swynisburne,jhm,2001-07-26T16:09:19,jhm,2001-07-26T16:09:27
MP/JO/174,JO,174,C/EGD/1817,House,false,mother's house,jhm,2001-07-31T13:32:36,jhm,2002-10-22T12:54:45
MP/JO/175,JO,175,C/EGD/2005,Hilltop,false,Gallowberry Hill,jhm,2001-07-31T14:58:50,jhm,2001-07-31T15:28:36
MP/JO/176,JO,176,C/EGD/1859,Hilltop,false,Gallowberry Hill,jhm,2001-07-31T15:27:41,jhm,2001-07-31T15:28:11
MP/JO/177,JO,177,C/EGD/1860,,false,Kirkurd,jhm,2001-07-31T15:46:59,jhm,2001-07-31T15:47:08
MP/JO/178,JO,178,C/JO/2882,House,false,own house,jhm,2001-09-07T12:20:30,jhm,2001-09-07T12:20:46
MP/JO/179,JO,179,C/JO/2882,Bridge,false,Lintoun Bridge,jhm,2001-09-07T13:26:14,jhm,2001-09-07T13:26:59
MP/JO/294,JO,294,C/EGD/1367,Haugh,false,Samuelston,jhm,2001-10-19T10:34:59,jhm,2001-10-19T10:37:08
MP/JO/295,JO,295,C/EGD/1367,House,false,Own house,jhm,2001-10-19T10:36:50,jhm,2001-10-19T10:36:56
MP/JO/296,JO,296,C/EGD/1368,Burn,false,black burn beside Calfward,jhm,2001-10-19T10:56:11,jhm,2001-10-19T10:56:39
MP/JO/297,JO,297,C/EGD/1368,Moor,false,Begbiemure,jhm,2001-10-19T10:56:45,jhm,2001-10-19T10:57:31
MP/JO/298,JO,298,C/EGD/1368,Moor,false,Overboltonmure,jhm,2001-10-19T10:57:01,jhm,2001-10-19T10:58:09
MP/JO/299,JO,299,C/EGD/1368,Burn,false,Kirkland burn,jhm,2001-10-19T10:58:11,jhm,2001-10-19T11:04:46
MP/JO/300,JO,300,C/EGD/1375,House,false,own house,jhm,2001-10-19T12:07:01,jhm,2001-10-19T12:07:09
MP/JO/301,JO,301,C/EGD/1375,Moor,false,Boltonmure,jhm,2001-10-19T12:07:13,jhm,2001-10-19T12:07:20
MP/JO/302,JO,302,C/EGD/1375,Haugh,false,Samuelston,jhm,2001-10-19T12:07:32,jhm,2001-10-19T12:07:42
MP/JO/303,JO,303,C/EGD/1375,Moor,false,Pilmure,jhm,2001-10-19T12:07:43,jhm,2001-10-19T12:07:49
MP/JO/304,JO,304,C/EGD/1375,Burn,false,Black burn of Bolton,jhm,2001-10-19T12:07:53,jhm,2001-10-19T12:08:06
MP/JO/305,JO,305,C/EGD/1375,Moor,false,Begbiemure,jhm,2001-10-19T12:08:07,jhm,2001-10-19T12:09:14
MP/JO/306,JO,306,C/EGD/1372,House,false,outside own house,jhm,2001-10-19T12:20:59,jhm,2001-10-19T12:21:09
MP/JO/307,JO,307,C/EGD/1372,Moor,false,Baigbiemure,jhm,2001-10-19T12:21:11,jhm,2001-10-19T12:21:30
MP/JO/308,JO,308,C/EGD/1372,Burn,false,Black burn of Bolton,jhm,2001-10-19T12:21:33,jhm,2001-10-22T12:10:18
MP/JO/309,JO,309,C/EGD/1373,Moor,false,Baigbiemure,jhm,2001-10-19T12:40:07,jhm,2001-10-19T12:40:18
MP/JO/310,JO,310,C/EGD/1373,Burn,false,Black burn,jhm,2001-10-19T12:40:31,jhm,2001-10-19T12:40:54
MP/JO/311,JO,311,C/JO/2905,House,false,Elizabeth Lawson's house,jhm,2001-10-19T13:00:13,jhm,2001-10-19T13:00:29
MP/JO/312,JO,312,C/JO/2905,Yard,false,great yard of Blause,jhm,2001-10-19T13:00:30,jhm,2001-10-19T13:00:41
MP/JO/313,JO,313,C/JO/2905,Burn,false,Black burn,jhm,2001-10-19T13:00:43,jhm,2001-10-19T13:00:50
MP/JO/314,JO,314,C/JO/2905,Well,false,Cadger well,jhm,2001-10-19T13:00:54,jhm,2001-10-19T13:01:02
MP/JO/315,JO,315,C/EGD/1374,Burn,false,Black burn of Bolton,jhm,2001-10-19T13:09:14,jhm,2001-10-22T12:11:14
MP/JO/336,JO,336,C/EGD/1367,Burn,false,Blackburn of Bolton,jhm,2001-10-19T16:28:22,jhm,2001-10-19T16:28:31
MP/JO/337,JO,337,C/EGD/1367,Moor,false,baigbiemure,jhm,2001-10-19T16:28:31,jhm,2001-10-19T16:28:49
MP/JO/338,JO,338,C/EGD/1374,Moor,false,Baigbiemure,jhm,2001-10-19T16:29:22,jhm,2001-10-19T16:30:44
MP/JO/36,JO,36,C/EGD/2121,Mercat Cross,false,Aberdeen,jhm,2001-06-05T14:53:46,jhm,2001-06-05T14:54:43
MP/JO/37,JO,37,C/EGD/1324,House yard,false,Painston,jhm,2001-06-13T12:39:14,jhm,2001-06-13T12:40:19
MP/JO/38,JO,38,C/EGD/1324,Loch,false,Painston,jhm,2001-06-13T12:54:04,jhm,2001-06-13T12:54:24
MP/JO/39,JO,39,C/EGD/1324,Dam,false,Butter Dam,jhm,2001-06-13T12:59:49,jhm,2001-06-13T13:00:18
MP/JO/40,JO,40,C/EGD/1323,Dean bank head,false,Nisbot,jhm,2001-06-13T13:21:37,jhm,2001-06-13T13:22:54
MP/JO/41,JO,41,C/EGD/1323,Moor,false,,jhm,2001-06-13T13:22:59,jhm,2001-06-13T13:23:39
MP/JO/42,JO,42,C/EGD/1323,Moor,false,Gladsmuir,jhm,2001-06-13T13:23:42,jhm,2002-10-03T14:38:37
MP/JO/43,JO,43,C/EGD/1323,House,false,Nisbot,jhm,2001-06-13T13:24:12,jhm,2001-06-13T13:25:04
MP/JO/440,JO,440,C/EGD/1818,Hilltop,false,Gallowbeirnie Hill,jhm,2001-11-27T13:52:29,jhm,2001-11-27T13:53:06
MP/JO/451,JO,451,C/EGD/2387,Mill,false,,jhm,2002-02-07T10:23:44,jhm,2002-02-07T10:23:47
MP/JO/452,JO,452,C/EGD/2387,Bridge,false,,jhm,2002-02-07T10:23:50,jhm,2002-02-07T10:23:54
MP/JO/453,JO,453,C/EGD/2387,Waterside,false,West Mill,jhm,2002-02-07T10:23:55,jhm,2002-02-07T10:24:54
MP/JO/454,JO,454,C/JO/2959,House,false,her own house,jhm,2002-02-07T15:19:31,jhm,2002-02-07T15:19:41
MP/JO/455,JO,455,C/EGD/1848,Moor,false,common moor of Brechin at Lucifer's loch,jhm,2002-02-07T16:02:12,jhm,2002-02-07T16:02:30
MP/JO/48,JO,48,C/JO/2667,Moor,false,Foxton moor,jhm,2001-06-14T15:44:59,jhm,2001-06-14T15:45:08
MP/JO/49,JO,49,C/JO/2668,Moor,false,Foxton moor,jhm,2001-06-14T15:50:00,jhm,2001-06-14T15:50:07
MP/JO/50,JO,50,C/EGD/1337,,false,,jhm,2001-06-15T09:26:03,jhm,2001-06-15T09:27:52
MP/JO/550,JO,550,C/EGD/2153,Hilltop,false,Hill of Cragleauche,jhm,2002-03-07T16:21:33,jhm,2002-03-07T16:21:51
MP/JO/551,JO,551,C/EGD/2119,Mercat Cross,false,Aberdeen,jhm,2002-05-02T12:45:55,jhm,2002-05-02T12:55:51
MP/JO/552,JO,552,C/EGD/2119,Fish cross,false,Aberdeen,jhm,2002-05-02T12:55:35,jhm,2002-05-02T12:56:02
MP/JO/553,JO,553,C/EGD/2119,Meal market,false,Aberdeen,jhm,2002-05-02T12:56:04,jhm,2002-05-02T12:56:27
MP/JO/554,JO,554,C/EGD/2159,Jail,false,Slains,jhm,2002-05-09T13:05:59,jhm,2002-05-09T13:06:13
MP/JO/555,JO,555,C/EGD/2159,Loch,false,near her house,jhm,2002-05-09T13:06:26,jhm,2002-05-09T13:06:48
MP/JO/556,JO,556,C/EGD/2163,,false,between Lumphanan and Cragleuch,jhm,2002-05-14T16:17:02,jhm,2002-05-14T16:18:15
MP/JO/558,JO,558,C/EGD/2154,,false,Craigleauch,jhm,2002-05-16T11:55:19,jhm,2002-05-16T11:55:38
MP/JO/561,JO,561,C/EGD/2161,Foot of hill,false,Craigleuch,jhm,2002-06-03T12:28:32,jhm,2002-06-03T12:35:23
MP/JO/562,JO,562,C/EGD/2162,Hilltop,false,Hill of Cragleuche,jhm,2002-06-03T15:25:35,jhm,2002-06-03T15:26:08
MP/JO/565,JO,565,C/EGD/2130,Yard,false,Lammyntownis yard,jhm,2002-06-10T18:07:17,jhm,2002-06-10T18:07:38
MP/JO/566,JO,566,C/EGD/2130,yard,false,James Thomsoun's yard,jhm,2002-06-10T18:07:51,jhm,2002-06-10T18:08:03
MP/JO/567,JO,567,C/EGD/2130,Cross,false,Fish cross,jhm,2002-06-10T18:08:11,jhm,2002-06-10T18:08:18
MP/JO/568,JO,568,C/EGD/2130,Mercat Cross,false,meal market,jhm,2002-06-10T18:08:19,jhm,2002-06-10T18:08:51
MP/JO/569,JO,569,C/EGD/2122,Yard,false,James Thomsouns's yard,jhm,2002-06-10T18:50:20,jhm,2002-06-10T18:50:51
MP/JO/570,JO,570,C/EGD/2122,Cross,false,Fish cross,jhm,2002-06-10T18:50:52,jhm,2002-06-10T18:51:00
MP/JO/571,JO,571,C/EGD/2122,Mercat Cross,false,meal market,jhm,2002-06-10T18:51:00,jhm,2002-06-10T18:51:10
MP/JO/572,JO,572,C/EGD/2123,Yard,false,James Thomsoun's yard,jhm,2002-06-10T20:51:06,jhm,2002-06-10T20:51:34
MP/JO/573,JO,573,C/EGD/2123,Cross,false,Fish cross,jhm,2002-06-10T20:51:36,jhm,2002-06-10T20:51:41
MP/JO/574,JO,574,C/EGD/2123,Mercat Cross,false,meal mercat,jhm,2002-06-10T20:51:42,jhm,2002-06-10T20:51:53
MP/JO/575,JO,575,C/EGD/2141,House,false,own house,jhm,2002-06-10T21:50:22,jhm,2002-06-10T21:50:27
MP/JO/576,JO,576,C/EGD/2141,Field,false,assorted fields,jhm,2002-06-10T21:50:28,jhm,2002-06-10T21:50:44
MP/JO/577,JO,577,C/JO/3046,Links,false,Links of Muness,jhm,2002-06-17T16:04:29,jhm,2002-06-17T16:04:42
MP/JO/582,JO,582,C/JO/3059,,false,between mill and park,jhm,2002-06-27T14:38:51,jhm,2002-06-27T14:38:58
MP/JO/583,JO,583,C/JO/3059,Hilltop,false,above Kincardine,jhm,2002-06-27T14:38:58,jhm,2002-06-27T14:39:09
MP/JO/584,JO,584,C/JO/3068,House,false,neighbour's house,jhm,2002-07-02T09:21:58,jhm,2002-07-02T09:22:10
MP/JO/585,JO,585,C/EGD/297,House,false,neighbour's house,jhm,2002-07-03T16:23:59,jhm,2002-07-03T16:25:13
MP/JO/586,JO,586,C/EGD/297,Cross,false,Alloa cross,jhm,2002-07-04T10:57:34,jhm,2002-07-04T10:57:39
MP/JO/587,JO,587,C/EGD/297,,false,Cunigar?,jhm,2002-07-04T10:57:42,jhm,2002-07-04T10:57:47
MP/JO/588,JO,588,C/EGD/297,Barn,false,at barn door,jhm,2002-07-04T10:58:26,jhm,2002-07-04T10:58:47
MP/JO/589,JO,589,C/EGD/297,House,false,other person's house,jhm,2002-07-04T10:58:48,jhm,2002-07-04T10:59:08
MP/JO/590,JO,590,C/EGD/294,Meadow,false,,jhm,2002-07-04T11:49:57,jhm,2002-11-13T12:37:48
MP/JO/591,JO,591,C/EGD/294,Burn,false,Bagraburn,jhm,2002-07-04T11:50:00,jhm,2002-07-04T14:16:09
MP/JO/592,JO,592,C/EGD/294,House,false,other people's houses,jhm,2002-07-04T11:50:26,jhm,2002-07-04T11:50:36
MP/JO/593,JO,593,C/EGD/291,Meadow,false,,jhm,2002-07-04T14:01:51,jhm,2002-11-13T12:38:06
MP/JO/594,JO,594,C/EGD/291,House,false,other people's house,jhm,2002-07-04T14:01:55,jhm,2002-07-04T14:02:06
MP/JO/595,JO,595,C/EGD/293,Meadow,false,,jhm,2002-07-04T15:17:20,jhm,2002-11-13T12:38:38
MP/JO/596,JO,596,C/EGD/293,Burn,false,Bagraburn,jhm,2002-07-04T15:17:24,jhm,2002-07-04T15:17:31
MP/JO/597,JO,597,C/EGD/293,House,false,other person's house,jhm,2002-07-04T15:17:31,jhm,2002-07-04T15:17:52
MP/JO/598,JO,598,C/EGD/293,Barn,false,,jhm,2002-07-04T15:18:33,jhm,2002-07-04T15:18:46
MP/JO/599,JO,599,C/EGD/1746,House,false,own house,jhm,2002-07-10T13:10:26,jhm,2002-07-10T13:10:52
MP/JO/600,JO,600,C/EGD/2373,Town wall,false,"town wall at West Post, Edinburgh",jhm,2002-07-11T10:56:04,jhm,2002-07-11T10:58:34
MP/JO/601,JO,601,C/EGD/2373,Quarry,false,Quarrell hole (quarry),jhm,2002-07-11T10:58:37,jhm,2002-07-11T10:59:10
MP/JO/602,JO,602,C/EGD/2373,,false,place of Merchiston,jhm,2002-07-11T11:04:49,jhm,2002-07-11T11:05:07
MP/JO/603,JO,603,C/EGD/1813,Hilltop,false,Corstorphine hill,jhm,2002-07-11T12:47:44,jhm,2002-07-11T12:47:58
MP/JO/604,JO,604,C/EGD/1813,Park,false,,jhm,2002-07-11T12:47:59,jhm,2002-07-11T12:48:13
MP/JO/605,JO,605,C/EGD/1628,Park,false,,jhm,2002-07-11T13:45:06,jhm,2002-07-11T13:45:13
MP/JO/606,JO,606,C/JO/3093,House,false,her own house,jhm,2002-07-18T10:29:07,jhm,2002-07-18T10:29:28
MP/JO/622,JO,622,C/EGD/2446,Loan,false,Pittenweem,jhm,2002-08-02T15:10:36,jhm,2002-08-02T15:11:08
MP/JO/623,JO,623,C/EGD/830,Loan,false,Pittenweem,jhm,2002-08-02T15:16:00,jhm,2002-08-02T15:16:06
MP/JO/624,JO,624,C/EGD/831,Moor,false,Ceres Moor,jhm,2002-08-02T15:28:16,jhm,2002-08-02T15:28:22
MP/JO/625,JO,625,C/EGD/2446,Tolbooth,false,Laigh Tolbooth,jhm,2002-08-02T15:36:17,jhm,2002-08-06T09:40:46
MP/JO/626,JO,626,C/EGD/2444,House,false,McGregor's house,jhm,2002-08-02T15:38:29,jhm,2002-08-02T15:38:39
MP/JO/646,JO,646,C/EGD/1533,Moor,false,Corsmore,jhm,2002-08-27T09:51:52,jhm,2002-08-27T09:53:27
MP/JO/647,JO,647,C/EGD/1533,,false,between Kilmachalmok and Edinmore,jhm,2002-08-27T10:03:37,jhm,2002-08-27T10:05:00
MP/JO/648,JO,648,C/EGD/1533,Moor,false,between Mikell Kilmorie and Killeferne Moore,jhm,2002-08-27T10:06:01,jhm,2002-08-27T10:06:43
MP/JO/649,JO,649,C/EGD/1533,,false,Lochfyne,jhm,2002-08-27T10:07:16,jhm,2002-08-27T10:07:21
MP/JO/650,JO,650,C/EGD/1527,House,false,own house,jhm,2002-08-27T10:26:54,jhm,2002-08-27T10:27:12
MP/JO/651,JO,651,C/EGD/1527,,false,Cregandow or Bute quay,jhm,2002-08-27T10:27:20,jhm,2002-08-27T10:27:33
MP/JO/652,JO,652,C/JO/3246,Field,false,Faldtombuie,jhm,2002-08-27T11:56:58,jhm,2002-08-27T11:57:18
MP/JO/653,JO,653,C/JO/3246,Yard,false,Caleyaird,jhm,2002-08-27T11:57:30,jhm,2002-08-27T11:57:47
MP/JO/654,JO,654,C/JO/3246,Hilltop,false,Kilmory,jhm,2002-08-27T11:59:29,jhm,2002-08-27T12:06:10
MP/JO/655,JO,655,C/JO/3247,Hilltop,false,"Ardturr and Glackiriska, Appin",jhm,2002-08-27T13:45:16,jhm,2002-08-27T13:45:55
MP/JO/656,JO,656,C/JO/3247,,false,Lismore,jhm,2002-08-27T13:49:17,jhm,2002-08-27T13:49:20
MP/JO/657,JO,657,C/JO/3247,Fairy mound,false,Shian of Barcaldine,jhm,2002-08-27T13:49:22,jhm,2002-08-27T13:50:05
MP/JO/658,JO,658,C/JO/3248,,false,Knockanrioch,jhm,2002-08-28T10:00:46,jhm,2002-08-28T10:01:02
MP/JO/659,JO,659,C/JO/3248,,false,Bute quay,jhm,2002-08-28T10:14:42,jhm,2002-08-28T10:14:52
MP/JO/66,JO,66,C/EGD/604,Shore,false,Bute Quau,jhm,2001-06-27T12:13:09,jhm,2002-08-27T11:20:57
MP/JO/660,JO,660,C/JO/3071,House,false,Neighbour's house,jhm,2002-09-26T12:57:23,jhm,2002-09-26T12:57:39
MP/LA/1,LA,1,C/EGD/160,Hilltop,false,Dounhill of Spott,LEM,2001-05-17T10:49:52,LEM,2001-05-17T10:50:38
MP/LA/10,LA,10,C/EGD/166,Valley,false,Den betwixt Nidrie and Edmestoun,LEM,2001-05-18T15:15:24,LEM,2001-05-21T11:22:06
MP/LA/100,LA,100,C/EGD/364,Dam,false,Newtown Deinhead,LEM,2001-06-29T11:55:56,LEM,2001-06-29T11:56:05
MP/LA/102,LA,102,C/EGD/384,Shore,false,on the other side of the water,LEM,2001-06-29T12:24:32,LEM,2001-06-29T12:24:39
MP/LA/103,LA,103,C/EGD/384,House,false,her house,LEM,2001-06-29T12:24:40,LEM,2001-06-29T12:24:55
MP/LA/105,LA,105,C/EGD/381,Shore,false,near the bridge at the bank of John Ballingtyne's,LEM,2001-06-29T12:50:38,LEM,2001-07-17T12:01:29
MP/LA/106,LA,106,C/EGD/381,Yard,false,at her farm,LEM,2001-06-29T12:50:47,LEM,2001-06-29T12:50:51
MP/LA/107,LA,107,C/EGD/381,Road,false,between Skloutford and nether Liberton,LEM,2001-06-29T12:50:54,jhm,2002-11-05T15:12:52
MP/LA/108,LA,108,C/EGD/382,Dam,false,Causland dam,LEM,2001-06-29T13:01:14,jhm,2002-11-05T15:18:15
MP/LA/109,LA,109,C/EGD/382,Yard,false,back of Dalkeith yards,LEM,2001-06-29T13:01:28,jhm,2002-11-05T15:18:33
MP/LA/110,LA,110,C/EGD/382,Mill,false,Millgreen of Dalkeith,LEM,2001-06-29T13:01:40,jhm,2002-11-05T15:18:27
MP/LA/111,LA,111,C/EGD/385,Barn,false,her byre while milking,LEM,2001-06-29T13:18:56,LEM,2001-06-29T13:19:11
MP/LA/112,LA,112,C/EGD/390,Yard,false,just outside her house,LEM,2001-07-02T09:34:26,LEM,2001-07-02T09:34:33
MP/LA/113,LA,113,C/EGD/388,,false,Gilmerton Ward,LEM,2001-07-02T09:48:36,LEM,2001-07-02T09:49:04
MP/LA/114,LA,114,C/EGD/389,House,false,his own,LEM,2001-07-02T09:59:22,LEM,2001-07-02T09:59:32
MP/LA/115,LA,115,C/EGD/389,Yard,false,Lady Laytoun's,LEM,2001-07-02T09:59:44,LEM,2001-07-02T09:59:54
MP/LA/116,LA,116,C/EGD/389,Barn,false,drawing down of Robert Mitchell's,LEM,2001-07-02T09:59:58,LEM,2001-07-02T10:00:17
MP/LA/117,LA,117,C/EGD/391,Yard,false,neighbours yard dyke,LEM,2001-07-02T10:11:50,LEM,2001-07-02T10:11:58
MP/LA/118,LA,118,C/EGD/391,,false,Carthall,LEM,2001-07-02T10:12:02,LEM,2001-07-02T10:12:14
MP/LA/119,LA,119,C/EGD/386,Bed,false,her bed,LEM,2001-07-02T10:30:24,LEM,2001-07-02T10:31:13
MP/LA/12,LA,12,C/EGD/166,Hilltop,false,"a) Hugstoun Hillis, 12:00",LEM,2001-05-21T11:04:56,LEM,2001-05-21T11:07:55
MP/LA/120,LA,120,C/EGD/386,,false,stick gathering,LEM,2001-07-02T10:35:58,LEM,2001-07-02T10:36:02
MP/LA/121,LA,121,C/EGD/404,Hilltop,false,,LEM,2001-07-02T10:51:47,LEM,2001-07-02T10:52:10
MP/LA/122,LA,122,C/EGD/392,Hilltop,false,,LEM,2001-07-02T10:53:30,LEM,2001-07-02T10:53:33
MP/LA/123,LA,123,C/EGD/387,Hilltop,false,,LEM,2001-07-02T10:58:49,LEM,2001-07-02T10:58:51
MP/LA/124,LA,124,C/EGD/387,Bed,false,her own,LEM,2001-07-02T10:58:52,LEM,2001-07-02T10:58:58
MP/LA/125,LA,125,C/EGD/398,Shore,false,tweedsyde,LEM,2001-07-02T12:20:18,LEM,2001-07-02T12:20:30
MP/LA/126,LA,126,C/EGD/398,Dyke,false,green dykes,LEM,2001-07-02T12:20:32,LEM,2001-07-02T12:20:57
MP/LA/127,LA,127,C/EGD/395,Dyke,false,green dykes,LEM,2001-07-02T12:23:29,LEM,2001-07-02T12:23:36
MP/LA/128,LA,128,C/EGD/397,Dyke,false,green dykes,LEM,2001-07-02T12:26:04,LEM,2001-07-02T12:26:09
MP/LA/13,LA,13,C/EGD/166,Hilltop,false,b) Gairnetoun Hillis,LEM,2001-05-21T11:07:12,LEM,2001-05-21T11:08:04
MP/LA/130,LA,130,C/LA/2785,Dyke,false,green dyke,LEM,2001-07-02T12:31:57,LEM,2001-07-02T12:32:02
MP/LA/131,LA,131,C/LA/2786,Dyke,false,green dyke,LEM,2001-07-02T12:33:47,LEM,2001-07-02T12:33:57
MP/LA/132,LA,132,C/EGD/1954,Links,false,Duddingston,LEM,2001-07-02T13:17:54,LEM,2001-07-02T13:18:00
MP/LA/133,LA,133,C/EGD/400,Howe,false,howe by standing stone near Newbridge/Kirkliston,LEM,2001-07-02T15:38:18,jhm,2001-07-11T12:33:24
MP/LA/134,LA,134,C/EGD/400,Shore,false,Cliftonhall side of the water,LEM,2001-07-02T15:40:55,jhm,2001-07-11T12:35:00
MP/LA/135,LA,135,C/EGD/409,Dam,false,Newtoun Deam,LEM,2001-07-04T12:54:06,LEM,2001-07-04T12:54:27
MP/LA/136,LA,136,C/EGD/377,Dam,false,Newtown Dam,LEM,2001-07-04T13:23:10,jhm,2002-11-05T14:47:20
MP/LA/137,LA,137,C/EGD/370,House,false,Wolmet,LEM,2001-07-09T10:25:38,LEM,2001-07-09T10:25:43
MP/LA/138,LA,138,C/EGD/378,Hilltop,false,Blewhill,LEM,2001-07-09T10:46:31,LEM,2001-07-09T10:46:37
MP/LA/139,LA,139,C/LA/2798,Den,false,Newtown Dean,LEM,2001-07-09T12:56:42,LEM,2001-07-09T12:56:56
MP/LA/14,LA,14,C/EGD/166,Hilltop,false,bewest the castle of Dunce,LEM,2001-05-21T11:11:52,LEM,2001-05-21T11:12:10
MP/LA/140,LA,140,C/LA/2798,House,false,her house,LEM,2001-07-09T12:57:04,LEM,2001-07-09T12:57:09
MP/LA/141,LA,141,C/EGD/374,House,false,her own,LEM,2001-07-09T13:17:26,LEM,2001-07-09T13:18:35
MP/LA/142,LA,142,C/EGD/371,River,false,Newtown Burne,LEM,2001-07-09T13:46:52,LEM,2001-07-09T13:47:51
MP/LA/143,LA,143,C/EGD/392,Yard,false,Kirkyard of Dunfyre,LEM,2001-07-09T15:34:02,LEM,2001-07-10T10:15:10
MP/LA/149,LA,149,C/LA/2787,Yard,false,Lady Langtoun's yard,LEM,2001-07-10T09:26:00,LEM,2001-07-10T09:26:09
MP/LA/15,LA,15,C/EGD/166,Forest,false,Saltoun woid,LEM,2001-05-21T11:12:11,LEM,2001-05-21T11:12:55
MP/LA/151,LA,151,C/EGD/359,Well,false,Roland Rutherford's,LEM,2001-07-10T09:43:40,LEM,2001-07-10T09:43:55
MP/LA/152,LA,152,C/EGD/359,Ward,false,Gilmerton Ward,LEM,2001-07-10T09:44:01,LEM,2001-07-10T09:44:35
MP/LA/153,LA,153,C/EGD/360,Road,false,between William Graham's house and hers,LEM,2001-07-10T09:59:49,LEM,2001-07-10T10:00:06
MP/LA/154,LA,154,C/EGD/360,River,false,pow-burn on the route home from Edinburgh,LEM,2001-07-10T10:00:12,LEM,2001-07-10T10:00:45
MP/LA/155,LA,155,C/EGD/404,Road,false,coming from Brandis Milne,LEM,2001-07-10T10:05:10,LEM,2001-07-10T10:05:44
MP/LA/156,LA,156,C/EGD/387,Yard,false,Mortonhall Park,LEM,2001-07-10T10:11:00,LEM,2001-07-10T10:11:58
MP/LA/157,LA,157,C/EGD/415,Yard,false,Gilmerton Park,LEM,2001-07-10T15:25:01,LEM,2001-07-10T15:25:13
MP/LA/158,LA,158,C/EGD/335,Bush,false,,LEM,2001-07-11T10:37:03,LEM,2001-07-11T10:37:08
MP/LA/16,LA,16,C/EGD/166,Hilltop,false,Monkrig above the stob stane,LEM,2001-05-21T11:12:56,LEM,2001-05-21T11:13:45
MP/LA/160,LA,160,C/EGD/1374,Den,false,Hodin Dean,LEM,2001-07-11T12:11:16,LEM,2001-07-11T12:11:22
MP/LA/163,LA,163,C/EGD/1375,Den,false,hodin dean,LEM,2001-07-11T12:16:20,LEM,2001-07-11T12:16:25
MP/LA/164,LA,164,C/EGD/411,Den,false,hodin dean,LEM,2001-07-11T12:18:31,LEM,2001-07-11T12:19:28
MP/LA/166,LA,166,C/EGD/385,Road,false,while ridding a horse to the coal hill,LEM,2001-07-17T10:03:46,LEM,2001-07-17T10:05:17
MP/LA/167,LA,167,C/EGD/377,,false,Newtown,LEM,2001-07-17T10:17:15,LEM,2001-07-17T10:17:22
MP/LA/168,LA,168,C/EGD/381,House,false,either her's or William Tweedie's,LEM,2001-07-17T11:55:18,jhm,2002-11-05T15:12:38
MP/LA/17,LA,17,C/EGD/166,Links,false,Linkis of Prestoun,LEM,2001-05-21T11:13:48,LEM,2001-05-21T11:14:11
MP/LA/178,LA,178,C/LA/2876,River mouth,false,"Dee, beside the blockehous",LEM,2001-09-06T13:21:58,LEM,2001-09-06T13:23:34
MP/LA/179,LA,179,C/EGD/1243,River mouth,false,"Dee, near the blockehous",LEM,2001-09-06T13:26:33,LEM,2001-09-06T13:26:43
MP/LA/18,LA,18,C/EGD/166,Moor,false,Cauld Coit mure,LEM,2001-05-21T11:15:01,LEM,2001-05-21T11:19:10
MP/LA/180,LA,180,C/EGD/1242,River mouth,false,"Dee, beside the blockehous",LEM,2001-09-06T13:30:09,LEM,2001-09-06T13:30:22
MP/LA/181,LA,181,C/EGD/1241,River mouth,false,"Dee, beside the blockehous",LEM,2001-09-06T13:32:10,LEM,2001-09-06T13:32:33
MP/LA/182,LA,182,C/EGD/1244,River mouth,false,"Dee, beside the blockehous",LEM,2001-09-06T13:33:52,LEM,2001-09-06T13:34:05
MP/LA/183,LA,183,C/EGD/1245,River mouth,false,"Dee, beside the blockehous",LEM,2001-09-06T13:40:02,LEM,2001-09-06T13:40:23
MP/LA/184,LA,184,C/EGD/1246,River mouth,false,"Dee, beside the blockehous",LEM,2001-09-06T13:42:00,LEM,2001-09-06T13:42:08
MP/LA/185,LA,185,C/EGD/1247,River mouth,false,"Dee, beside the blockehous",LEM,2001-09-06T13:50:54,LEM,2001-09-06T13:51:09
MP/LA/186,LA,186,C/EGD/1248,River mouth,false,"Dee, near the blockehous",LEM,2001-09-06T15:07:21,LEM,2001-09-06T15:07:34
MP/LA/187,LA,187,C/EGD/1249,River mouth,false,"Dee, by the blockhous",LEM,2001-09-06T15:08:49,LEM,2001-09-06T15:09:03
MP/LA/188,LA,188,C/EGD/1250,River mouth,false,"Dee, by the blockehous",LEM,2001-09-06T15:11:06,LEM,2001-09-06T15:11:23
MP/LA/189,LA,189,C/EGD/1251,River mouth,false,"Dee, by the blockehous",LEM,2001-09-06T15:12:27,LEM,2001-09-06T15:12:40
MP/LA/19,LA,19,C/EGD/166,Road,false,c) heid of the broken Calsey of Niddry,LEM,2001-05-21T11:19:13,LEM,2001-05-21T11:24:36
MP/LA/190,LA,190,C/EGD/1252,River mouth,false,"Dee, by the blockehous",LEM,2001-09-06T15:14:25,LEM,2001-09-06T15:14:37
MP/LA/191,LA,191,C/EGD/606,Kirkyard,false,west Kirk of Culross,LEM,2001-09-07T10:42:18,LEM,2001-09-07T10:42:33
MP/LA/192,LA,192,C/EGD/607,Kirkyard,false,west kirk of Culross,LEM,2001-09-07T10:44:56,LEM,2001-09-07T10:45:06
MP/LA/193,LA,193,C/EGD/607,House,false,her own,LEM,2001-09-07T10:45:06,LEM,2001-09-07T10:45:12
MP/LA/194,LA,194,C/EGD/608,Kirkyard,false,west kirk of culross,LEM,2001-09-07T10:48:44,LEM,2001-09-07T10:48:53
MP/LA/195,LA,195,C/EGD/609,Kirkyard,false,west kirk of culross,LEM,2001-09-07T10:52:48,LEM,2001-09-07T10:52:56
MP/LA/196,LA,196,C/EGD/609,Bank Side,false,at her mother's house,LEM,2001-09-07T10:56:12,LEM,2001-09-07T10:56:42
MP/LA/197,LA,197,C/EGD/607,,false,the strand,LEM,2001-09-07T12:35:56,LEM,2001-09-07T12:36:09
MP/LA/198,LA,198,C/EGD/607,Hollow,false,Cannieman's hollow,LEM,2001-09-07T12:36:10,LEM,2001-09-07T12:36:41
MP/LA/199,LA,199,C/EGD/606,Shore,false,,LEM,2001-09-07T12:42:40,LEM,2001-09-07T12:43:00
MP/LA/2,LA,2,C/EGD/160,,false,Madeis Loupe,LEM,2001-05-17T10:50:41,LEM,2001-05-17T10:51:05
MP/LA/201,LA,201,C/EGD/694,Haugh,false,Ward Haugh,LEM,2001-09-11T12:12:34,LEM,2001-09-11T12:12:53
MP/LA/202,LA,202,C/EGD/694,Bridge,false,kirk bridge,LEM,2001-09-11T12:12:54,LEM,2001-09-11T12:13:00
MP/LA/203,LA,203,C/EGD/694,Hilltop,false,corsehill,LEM,2001-09-11T12:13:04,LEM,2001-09-11T12:13:23
MP/LA/204,LA,204,C/EGD/694,Wood,false,Ormeston Wood,LEM,2001-09-11T12:13:25,LEM,2001-09-11T12:13:35
MP/LA/21,LA,21,C/EGD/162,Road,false,Heid of the broken Clasay of Nydrie,LEM,2001-05-21T13:15:22,LEM,2001-05-21T13:15:48
MP/LA/214,LA,214,C/EGD/624,Bridge,false,kirk bridge,LEM,2001-09-11T12:27:56,LEM,2001-09-11T12:28:00
MP/LA/215,LA,215,C/EGD/624,Haugh,false,ward haugh,LEM,2001-09-11T12:28:00,LEM,2001-09-11T12:28:04
MP/LA/216,LA,216,C/EGD/624,Hilltop,false,corsehill,LEM,2001-09-11T12:28:06,LEM,2001-09-11T12:28:10
MP/LA/217,LA,217,C/EGD/693,Burn,false,Murrais burne,LEM,2001-09-11T12:59:36,LEM,2001-09-11T12:59:50
MP/LA/219,LA,219,C/EGD/692,Burn,false,Murrais Burne,LEM,2001-09-11T13:02:08,LEM,2001-09-11T13:02:19
MP/LA/220,LA,220,C/EGD/613,Hilltop,false,Barliehill,LEM,2001-09-11T13:24:07,LEM,2001-09-11T13:24:16
MP/LA/221,LA,221,C/EGD/613,Wood,false,wood head of crighton,LEM,2001-09-11T13:24:46,LEM,2001-09-11T13:24:54
MP/LA/222,LA,222,C/EGD/614,Hilltop,false,Barliehill,LEM,2001-09-11T13:31:43,LEM,2001-09-11T13:31:50
MP/LA/223,LA,223,C/EGD/691,House,false,Helen Laying's (c/egd/692),LEM,2001-09-21T09:09:54,LEM,2001-09-21T09:10:25
MP/LA/224,LA,224,C/EGD/691,,true,flaming fire in Crighton,LEM,2001-09-21T09:10:57,LEM,2001-09-21T09:11:30
MP/LA/225,LA,225,C/EGD/694,,false,Leswade,LEM,2001-09-21T09:16:10,LEM,2001-09-21T09:16:16
MP/LA/226,LA,226,C/EGD/694,,false,Loanhead,LEM,2001-09-21T09:16:16,LEM,2001-09-21T09:16:24
MP/LA/227,LA,227,C/EGD/694,Field,false,,LEM,2001-09-21T09:18:09,LEM,2001-09-21T09:18:38
MP/LA/228,LA,228,C/EGD/694,Burn,false,Cowe burn,LEM,2001-09-21T09:18:39,LEM,2001-09-21T10:28:54
MP/LA/229,LA,229,C/EGD/620,Haugh,false,Ward haugh,LEM,2001-09-21T09:23:36,LEM,2001-09-21T09:23:43
MP/LA/23,LA,23,C/EGD/179,Kirkyard,false,in Glendovan,LEM,2001-05-21T16:56:53,LEM,2001-05-21T16:57:27
MP/LA/230,LA,230,C/EGD/620,Burn,false,Cowe burn,LEM,2001-09-21T09:23:45,LEM,2001-09-21T10:31:00
MP/LA/231,LA,231,C/EGD/692,Burn,false,ward burn,LEM,2001-09-21T09:25:16,LEM,2001-09-21T09:25:36
MP/LA/232,LA,232,C/EGD/692,Yard,false,own yard,LEM,2001-09-21T09:25:38,LEM,2001-09-21T09:26:27
MP/LA/233,LA,233,C/EGD/692,Field,false,black faugh,LEM,2001-09-21T09:29:04,LEM,2001-09-21T09:30:04
MP/LA/234,LA,234,C/EGD/693,House,false,own house between bed and fire,LEM,2001-09-21T09:30:13,LEM,2001-09-21T09:30:23
MP/LA/235,LA,235,C/EGD/693,Burn,false,Templehall burne,LEM,2001-09-21T09:31:04,LEM,2001-09-21T09:31:12
MP/LA/237,LA,237,C/EGD/611,Hilltop,false,Birliehill,LEM,2001-09-21T09:43:45,LEM,2001-09-21T09:43:55
MP/LA/24,LA,24,C/EGD/179,Kirkyard,false,Muckhart,LEM,2001-05-21T16:58:39,jhm,2002-10-22T11:16:42
MP/LA/240,LA,240,C/EGD/696,burn,false,cowe burn,LEM,2001-09-21T13:07:49,LEM,2001-09-21T13:07:53
MP/LA/241,LA,241,C/EGD/696,Bridge,false,Keith Bridge,LEM,2001-09-21T13:07:55,LEM,2001-09-21T13:08:01
MP/LA/242,LA,242,C/EGD/696,House,false,white house in Cranstoun's back yard,LEM,2001-09-21T13:08:01,LEM,2001-09-21T13:08:16
MP/LA/245,LA,245,C/EGD/697,Farm,false,farm brae at midnight,LEM,2001-09-21T13:22:09,LEM,2001-09-21T13:22:15
MP/LA/246,LA,246,C/EGD/697,Dam,false,Line dean,LEM,2001-09-21T13:24:12,LEM,2001-09-21T13:24:25
MP/LA/247,LA,247,C/EGD/697,House,false,white house,LEM,2001-09-21T13:24:27,LEM,2001-09-21T13:24:49
MP/LA/25,LA,25,C/EGD/179,,false,Rumbling Bridge,LEM,2001-05-21T16:59:10,LEM,2001-05-21T17:03:47
MP/LA/252,LA,252,C/EGD/695,Dam,false,Lin Dean,LEM,2001-09-21T13:35:33,LEM,2001-09-21T13:35:36
MP/LA/253,LA,253,C/EGD/695,House,false,whitehouse,LEM,2001-09-21T13:35:38,LEM,2001-09-21T13:35:50
MP/LA/254,LA,254,C/EGD/140,Shore,false,Common Waist Sandhillis near Irving,LEM,2001-09-25T17:02:58,LEM,2001-10-01T10:29:55
MP/LA/256,LA,256,C/EGD/147,Dam,false,Deam futtie of Longniddry,LEM,2001-09-26T16:03:19,LEM,2001-09-26T16:03:41
MP/LA/257,LA,257,C/EGD/147,House,false,Beigis' house,LEM,2001-09-26T16:03:42,LEM,2001-09-26T16:03:52
MP/LA/265,LA,265,C/EGD/140,Kirkyard,false,,LEM,2001-10-01T10:27:23,LEM,2001-10-01T10:27:25
MP/LA/266,LA,266,C/EGD/140,Kirk,false,,LEM,2001-10-01T10:27:25,LEM,2001-10-01T10:27:33
MP/LA/267,LA,267,C/EGD/140,Hilltop,false,Lowdon Hill,LEM,2001-10-01T10:27:33,LEM,2001-10-01T10:28:23
MP/LA/280,LA,280,C/EGD/147,Thorn,false,Seaton-thorn,LEM,2001-10-01T15:26:21,LEM,2001-10-01T15:27:10
MP/LA/281,LA,281,C/EGD/147,Gate,false,iron gate of Seaton,LEM,2001-10-01T15:27:17,LEM,2001-10-01T15:27:23
MP/LA/290,LA,290,C/EGD/137,Craigs,false,Bynnie-craigs,LEM,2001-10-03T09:38:51,LEM,2001-10-03T09:39:10
MP/LA/291,LA,291,C/EGD/137,Craigs,false,Corstorphine-craigs,LEM,2001-10-03T09:39:13,jhm,2002-10-03T16:25:22
MP/LA/292,LA,292,C/EGD/34,Moor,false,Grange-more,LEM,2001-10-08T09:54:35,LEM,2001-10-08T09:54:45
MP/LA/293,LA,293,C/EGD/59,Kirk,true,North Berwick kirk,LEM,2001-10-09T09:31:27,LEM,2001-10-09T09:32:05
MP/LA/294,LA,294,C/EGD/59,Ship,false,A ship off the coast of the pannes,LEM,2001-10-09T09:44:14,LEM,2001-10-09T09:44:24
MP/LA/295,LA,295,C/EGD/59,Hilltop,false,Brumhoillis,LEM,2001-10-09T09:48:00,LEM,2001-10-09T09:48:11
MP/LA/300,LA,300,C/EGD/63,Kirk,true,North Berwick Kirk,LEM,2001-10-09T10:04:55,LEM,2001-10-09T10:05:00
MP/LA/301,LA,301,C/EGD/63,Ship,false,off the coast of the pannes,LEM,2001-10-09T10:05:01,LEM,2001-10-09T10:05:08
MP/LA/306,LA,306,C/EGD/63,Ship,false,the grace of God,LEM,2001-10-09T10:46:11,LEM,2001-10-09T10:46:25
MP/LA/307,LA,307,C/EGD/63,Shore,true,all along the south coast of the forth,LEM,2001-10-09T11:00:04,LEM,2001-10-09T11:48:50
MP/LA/308,LA,308,C/EGD/63,Kirk,false,"Kirk of Garvett, be-eist Burn syde",LEM,2001-10-09T11:58:11,LEM,2001-10-09T11:58:29
MP/LA/309,LA,309,C/EGD/63,,false,Foulstruther,LEM,2001-10-09T12:01:09,LEM,2001-10-09T12:02:29
MP/LA/310,LA,310,C/EGD/63,Kirk,false,Natoun Kirk,LEM,2001-10-09T12:46:59,LEM,2001-10-09T12:47:15
MP/LA/311,LA,311,C/EGD/63,,false,pier-head,LEM,2001-10-09T12:47:18,LEM,2001-10-09T12:47:21
MP/LA/312,LA,312,C/EGD/63,Kirk,true,North Berwick,LEM,2001-10-09T12:47:38,LEM,2001-10-09T12:47:49
MP/LA/32,LA,32,C/LA/2638,House,false,accomplices' house,LEM,2001-05-22T12:18:33,LEM,2001-05-22T12:18:45
MP/LA/33,LA,33,C/EGD/180,House,false,accomplice's house,LEM,2001-05-22T12:28:24,LEM,2001-05-22T12:28:34
MP/LA/34,LA,34,C/EGD/180,,false,on the way to get ale,LEM,2001-05-22T12:29:18,jhm,2002-10-22T11:52:07
MP/LA/355,LA,355,C/EGD/120,,false,Foulstruther,LEM,2001-10-10T09:14:45,LEM,2001-10-10T09:14:52
MP/LA/356,LA,356,C/EGD/110,Kirk,true,North Berwick,LEM,2001-10-10T09:18:54,LEM,2001-10-10T09:19:00
MP/LA/357,LA,357,C/EGD/110,Salt pans,false,near the pannes,LEM,2001-10-10T09:20:15,LEM,2001-10-10T09:20:22
MP/LA/358,LA,358,C/EGD/110,House,false,wobster's house,LEM,2001-10-10T09:20:31,LEM,2001-10-10T09:20:44
MP/LA/359,LA,359,C/EGD/110,,false,Foulstruther,LEM,2001-10-10T09:20:45,LEM,2001-10-10T09:20:50
MP/LA/360,LA,360,C/EGD/104,Kirk,false,Natoun,LEM,2001-10-10T09:25:29,LEM,2001-10-16T10:08:37
MP/LA/365,LA,365,C/EGD/110,House,false,Beigis Tod's house,LEM,2001-10-10T09:33:59,LEM,2001-10-10T09:34:06
MP/LA/373,LA,373,C/EGD/147,Salt pans,false,near the pannes,LEM,2001-10-10T10:12:49,LEM,2001-10-10T10:12:57
MP/LA/381,LA,381,C/LA/2911,Ship,false,,LEM,2001-10-10T10:43:22,LEM,2001-10-10T10:43:25
MP/LA/387,LA,387,C/EGD/104,Kirk,true,North Berwick,LEM,2001-10-10T15:28:24,LEM,2001-10-10T15:28:30
MP/LA/388,LA,388,C/EGD/103,Kirk,true,North Berwick,LEM,2001-10-10T15:30:37,LEM,2001-10-10T15:30:58
MP/LA/389,LA,389,C/EGD/103,Shore,false,Aitchesounes-heavin between musselburgh and pannes,LEM,2001-10-10T15:33:15,LEM,2001-10-10T15:33:41
MP/LA/390,LA,390,C/EGD/107,Shore,false,"Aitchesounes heavin, btw musselburgh and pannes",LEM,2001-10-10T15:39:57,LEM,2001-10-10T15:40:17
MP/LA/391,LA,391,C/EGD/107,Kirk,true,North Berwick,LEM,2001-10-10T15:40:18,LEM,2001-10-10T15:40:24
MP/LA/393,LA,393,C/EGD/110,Shore,false,Aitchisoune's heavin btw Musselburgh and pannes,LEM,2001-10-10T15:47:35,LEM,2001-10-10T15:47:55
MP/LA/394,LA,394,C/EGD/108,Shore,false,Aitchisoune's heavin btw Musselbrugh and pannes,LEM,2001-10-10T15:50:04,LEM,2001-10-10T15:50:24
MP/LA/397,LA,397,C/EGD/104,Shore,false,New-heavin also called fairy-hoillis,LEM,2001-10-16T10:08:38,LEM,2001-10-16T10:09:31
MP/LA/398,LA,398,C/EGD/104,Hilltop,false,Brum-hoillis,LEM,2001-10-16T10:09:50,LEM,2001-10-16T10:10:03
MP/LA/399,LA,399,C/EGD/104,Shore,false,Leith,LEM,2001-10-16T10:10:03,LEM,2001-10-16T10:10:10
MP/LA/4,LA,4,C/EGD/159,Hilltop,false,Dounhill of Spott,LEM,2001-05-17T11:39:28,LEM,2001-05-17T11:39:47
MP/LA/403,LA,403,C/EGD/1268,House,false,abandoned old house,LEM,2001-10-16T15:24:53,LEM,2001-10-16T15:25:04
MP/LA/404,LA,404,C/EGD/1269,House,false,abandoned house called Howing Greyman,LEM,2001-10-16T15:47:18,LEM,2001-10-16T15:47:44
MP/LA/405,LA,405,C/EGD/29,Field,false,near her house,LEM,2001-10-18T09:42:49,LEM,2001-10-18T09:45:10
MP/LA/406,LA,406,C/EGD/29,Thorn,false,thorne of Damwstarnok,LEM,2001-10-18T09:48:29,LEM,2001-10-18T09:48:50
MP/LA/407,LA,407,C/EGD/29,House,false,her own,LEM,2001-10-18T09:50:12,LEM,2001-10-18T09:50:16
MP/LA/408,LA,408,C/EGD/1329,,false,low place above Cransmouth,LEM,2001-10-19T09:53:32,LEM,2001-10-19T09:53:46
MP/LA/409,LA,409,C/EGD/1334,Yard,false,back of Thomas Browun's barn,LEM,2001-10-19T10:09:44,LEM,2001-10-19T10:09:53
MP/LA/410,LA,410,C/EGD/1334,Yard,false,back of Laurd of Wedderburn's house,LEM,2001-10-19T10:09:58,LEM,2001-10-19T10:11:02
MP/LA/411,LA,411,C/EGD/1334,River mouth,false,Forth of Eyemouth,LEM,2001-10-19T10:11:53,LEM,2001-10-19T10:12:18
MP/LA/412,LA,412,C/EGD/1333,Yard,false,back of Laird of Wedderburn's house,LEM,2001-10-19T10:14:08,LEM,2001-10-19T10:14:22
MP/LA/417,LA,417,C/EGD/1312,Green,false,Dirleton,LEM,2001-10-19T15:29:20,LEM,2001-10-19T15:29:41
MP/LA/424,LA,424,C/EGD/1322,House,false,,LEM,2001-10-19T16:09:23,LEM,2001-10-19T16:09:59
MP/LA/425,LA,425,C/EGD/1322,House,false,,LEM,2001-10-19T16:09:59,LEM,2001-10-19T16:10:05
MP/LA/430,LA,430,C/EGD/1308,Kirk,false,High kirk of Lanark,LEM,2001-10-22T15:46:18,LEM,2001-10-22T15:46:25
MP/LA/431,LA,431,C/EGD/1308,Kirk,false,kirk of Carnwath,LEM,2001-10-22T15:46:25,LEM,2001-10-22T15:46:35
MP/LA/434,LA,434,C/EGD/1310,Road,false,on her way home at 12:00am,LEM,2001-10-23T10:36:18,LEM,2001-10-23T10:36:43
MP/LA/44,LA,44,C/EGD/169,,false,Coldingham Law,LEM,2001-06-14T13:45:52,LEM,2001-06-14T13:47:23
MP/LA/441,LA,441,C/EGD/1749,House,false,Her own,LEM,2002-01-16T10:51:28,LEM,2002-01-16T10:51:32
MP/LA/442,LA,442,C/EGD/1748,House,false,his own,LEM,2002-01-16T11:49:17,LEM,2002-01-16T11:49:23
MP/LA/443,LA,443,C/EGD/1747,House,false,her mother's,LEM,2002-01-16T12:02:19,LEM,2002-01-16T12:02:23
MP/LA/444,LA,444,C/EGD/1747,House,false,her brother's,LEM,2002-01-16T12:02:23,LEM,2002-01-16T12:02:30
MP/LA/445,LA,445,C/EGD/1746,House,false,Mathie's,LEM,2002-01-16T12:16:37,LEM,2002-01-16T12:16:45
MP/LA/446,LA,446,C/EGD/1746,House,false,John Stewart's,LEM,2002-01-16T12:16:46,LEM,2002-01-16T12:16:54
MP/LA/447,LA,447,C/EGD/1745,House,false,Mathie's,LEM,2002-01-16T12:27:20,LEM,2002-01-16T12:27:24
MP/LA/448,LA,448,C/EGD/1745,House,false,John Stewart's,LEM,2002-01-16T12:27:24,LEM,2002-01-16T12:27:33
MP/LA/449,LA,449,C/EGD/1744,House,false,Mathie's,LEM,2002-01-16T12:40:03,LEM,2002-01-16T12:40:08
MP/LA/45,LA,45,C/EGD/173,Barn,false,head of the dead mans burne,LEM,2001-06-15T12:19:52,LEM,2001-06-15T12:25:48
MP/LA/450,LA,450,C/EGD/1744,House,false,John Stewart's,LEM,2002-01-16T12:40:08,LEM,2002-01-16T12:40:15
MP/LA/451,LA,451,C/EGD/1773,,false,Kilpatrik,LEM,2002-01-30T13:28:19,LEM,2002-01-30T13:28:22
MP/LA/452,LA,452,C/EGD/1773,Moor,false,Kilmacolme,LEM,2002-01-30T13:28:27,LEM,2002-01-30T13:28:46
MP/LA/453,LA,453,C/EGD/1773,Yard,false,Christian Shaw,LEM,2002-01-30T13:29:37,LEM,2002-01-30T13:29:43
MP/LA/454,LA,454,C/EGD/1773,Yard,false,murdered minister,LEM,2002-01-30T13:29:55,LEM,2002-01-30T13:30:02
MP/LA/455,LA,455,C/EGD/1773,House,false,murdered child,LEM,2002-01-30T13:31:00,LEM,2002-01-30T13:31:05
MP/LA/456,LA,456,C/LA/2959,,false,Kilpatrick,LEM,2002-01-31T09:27:47,LEM,2002-01-31T09:27:50
MP/LA/457,LA,457,C/LA/2959,Moor,false,Kilmacolme,LEM,2002-01-31T09:27:52,LEM,2002-01-31T09:27:59
MP/LA/458,LA,458,C/LA/2959,Yard,false,Christian Shaw,LEM,2002-01-31T09:28:01,LEM,2002-01-31T09:28:05
MP/LA/459,LA,459,C/LA/2959,Yard,false,"murdered minister, Mr. John Hardie",LEM,2002-01-31T09:28:07,LEM,2002-01-31T09:28:36
MP/LA/46,LA,46,C/EGD/173,Mill,false,,LEM,2001-06-15T12:25:58,LEM,2001-06-15T12:26:17
MP/LA/460,LA,460,C/LA/2959,House,false,murdered child,LEM,2002-01-31T09:28:38,LEM,2002-01-31T09:29:35
MP/LA/461,LA,461,C/EGD/1778,,false,kilpatrick,LEM,2002-01-31T09:31:44,LEM,2002-01-31T09:31:46
MP/LA/462,LA,462,C/EGD/1778,Moor,false,Kilmacolme,LEM,2002-01-31T09:31:47,LEM,2002-01-31T09:31:54
MP/LA/463,LA,463,C/EGD/1778,Yard,false,christian Shaw,LEM,2002-01-31T09:31:54,LEM,2002-01-31T09:31:59
MP/LA/464,LA,464,C/EGD/1778,Yard,false,"murdered minister, Mr. John Hardie",LEM,2002-01-31T09:31:59,LEM,2002-01-31T09:32:12
MP/LA/465,LA,465,C/EGD/1778,House,false,murdered child,LEM,2002-01-31T09:32:13,LEM,2002-01-31T09:32:22
MP/LA/466,LA,466,C/EGD/1781,,false,Kilpatrick,LEM,2002-01-31T09:34:46,LEM,2002-01-31T09:34:47
MP/LA/467,LA,467,C/EGD/1781,Moor,false,Kilmacolme,LEM,2002-01-31T09:34:48,LEM,2002-01-31T09:34:53
MP/LA/468,LA,468,C/EGD/1781,Yard,false,christian Shaw's,LEM,2002-01-31T09:34:54,LEM,2002-01-31T09:34:59
MP/LA/469,LA,469,C/EGD/1781,Yard,false,"murdered minister, Mr. John Hardie",LEM,2002-01-31T09:34:59,LEM,2002-01-31T09:35:08
MP/LA/47,LA,47,C/EGD/173,Yard,false,tenth (teynd) yard,LEM,2001-06-15T12:40:27,LEM,2001-06-15T12:41:21
MP/LA/470,LA,470,C/EGD/1781,House,false,murdered boy,LEM,2002-01-31T09:35:09,LEM,2002-01-31T09:35:15
MP/LA/471,LA,471,C/EGD/1774,,false,Kilpatrick,LEM,2002-01-31T09:37:54,jhm,2002-10-22T10:24:04
MP/LA/472,LA,472,C/EGD/1774,Moor,false,Kilmacolme,LEM,2002-01-31T09:37:57,LEM,2002-01-31T09:38:02
MP/LA/473,LA,473,C/EGD/1774,Yard,false,christian Shaw's,LEM,2002-01-31T09:38:03,LEM,2002-01-31T09:38:08
MP/LA/474,LA,474,C/EGD/1774,Yard,false,"murdered minister, Mr. John Hardie",LEM,2002-01-31T09:38:09,LEM,2002-01-31T09:38:17
MP/LA/475,LA,475,C/EGD/1774,House,false,murdered boy,LEM,2002-01-31T09:38:18,LEM,2002-01-31T09:38:23
MP/LA/476,LA,476,C/EGD/1780,,false,Kilpatrick,LEM,2002-01-31T09:47:24,jhm,2002-10-22T10:50:11
MP/LA/477,LA,477,C/EGD/1780,Moor,false,Kilmacolme,LEM,2002-01-31T09:47:28,LEM,2002-01-31T09:47:33
MP/LA/478,LA,478,C/EGD/1780,Yard,false,christian shaw's,LEM,2002-01-31T09:47:34,LEM,2002-01-31T09:47:43
MP/LA/479,LA,479,C/EGD/1780,Yard,false,"murdered minsiter, Mr. John Hardie",LEM,2002-01-31T09:47:43,LEM,2002-01-31T09:47:53
MP/LA/48,LA,48,C/EGD/173,Shore,false,in Eyemouth,LEM,2001-06-15T12:41:25,LEM,2001-06-15T12:42:14
MP/LA/480,LA,480,C/EGD/1780,House,false,murdered boy,LEM,2002-01-31T09:47:54,LEM,2002-01-31T09:47:59
MP/LA/481,LA,481,C/EGD/1777,,false,kilpatrick,LEM,2002-01-31T09:50:39,LEM,2002-01-31T09:50:42
MP/LA/482,LA,482,C/EGD/1777,Moor,false,Kilmacolme,LEM,2002-01-31T09:50:43,LEM,2002-01-31T09:50:49
MP/LA/483,LA,483,C/EGD/1777,Yard,false,christian shaw's,LEM,2002-01-31T09:50:50,LEM,2002-01-31T09:50:55
MP/LA/484,LA,484,C/EGD/1777,Yard,false,"murdered minister, Mr. John Hardie",LEM,2002-01-31T09:50:55,LEM,2002-01-31T09:51:03
MP/LA/485,LA,485,C/EGD/1777,House,false,murdered boy,LEM,2002-01-31T09:51:04,LEM,2002-01-31T09:51:08
MP/LA/486,LA,486,C/EGD/1935,,false,Kilpatrick,LEM,2002-01-31T10:39:33,LEM,2002-01-31T10:39:35
MP/LA/487,LA,487,C/EGD/1935,Moor,false,Kilmacolme,LEM,2002-01-31T10:39:36,LEM,2002-01-31T10:39:45
MP/LA/488,LA,488,C/EGD/1935,Yard,false,christian shaw,LEM,2002-01-31T10:39:46,LEM,2002-01-31T10:39:50
MP/LA/489,LA,489,C/EGD/1935,Yard,false,"murdered minister, Mr. John Hardie",LEM,2002-01-31T10:39:52,jhm,2002-10-23T10:49:38
MP/LA/490,LA,490,C/EGD/1935,House,false,murdered boy,LEM,2002-01-31T10:40:02,LEM,2002-01-31T10:40:07
MP/LA/492,LA,492,C/LA/2968,Moor,false,kilmacolme,LEM,2002-01-31T13:17:45,LEM,2002-01-31T13:18:01
MP/LA/493,LA,493,C/LA/2968,Yard,false,Christian Shaw's,LEM,2002-01-31T13:19:12,LEM,2002-01-31T13:19:18
MP/LA/494,LA,494,C/LA/2969,Yard,false,Christian Shaw's,LEM,2002-01-31T13:26:23,LEM,2002-01-31T13:26:31
MP/LA/495,LA,495,C/LA/2970,,false,kilpatrick,LEM,2002-01-31T14:59:44,LEM,2002-01-31T14:59:47
MP/LA/496,LA,496,C/LA/2970,Moor,false,Kilmacolme,LEM,2002-01-31T14:59:48,LEM,2002-01-31T15:00:04
MP/LA/497,LA,497,C/LA/2970,Yard,false,Christian Shaw,LEM,2002-01-31T15:00:05,LEM,2002-01-31T15:00:09
MP/LA/498,LA,498,C/LA/2970,Yard,false,"murdered minister, Mr. John Hardie",LEM,2002-01-31T15:00:12,LEM,2002-01-31T15:00:22
MP/LA/499,LA,499,C/LA/2970,House,false,murdered child,LEM,2002-01-31T15:00:24,LEM,2002-01-31T15:00:29
MP/LA/5,LA,5,C/EGD/948,Hilltop,false,Dounhill of Spott,LEM,2001-05-17T11:44:37,LEM,2001-05-17T11:44:58
MP/LA/500,LA,500,C/LA/2972,,false,kilpatrick,LEM,2002-01-31T20:55:03,LEM,2002-01-31T20:55:10
MP/LA/501,LA,501,C/LA/2972,Yard,false,christian Shaw's,LEM,2002-01-31T20:55:11,LEM,2002-01-31T20:55:22
MP/LA/502,LA,502,C/LA/2972,Yard,false,"murdered minsiter, mr John Hardie",LEM,2002-01-31T20:55:23,LEM,2002-01-31T20:55:33
MP/LA/503,LA,503,C/LA/2972,House,false,murdered boy's,LEM,2002-01-31T20:55:34,LEM,2002-01-31T20:55:48
MP/LA/504,LA,504,C/LA/2972,Moor,false,kilmacolme,LEM,2002-01-31T20:55:51,LEM,2002-01-31T20:55:58
MP/LA/505,LA,505,C/EGD/1779,,false,Kilpatrick,LEM,2002-01-31T21:07:13,jhm,2002-10-22T10:39:09
MP/LA/506,LA,506,C/EGD/1779,Moor,false,Kilmacolme,LEM,2002-01-31T21:07:17,LEM,2002-01-31T21:07:22
MP/LA/507,LA,507,C/EGD/1779,Yard,false,christian shaw's,LEM,2002-01-31T21:07:22,LEM,2002-01-31T21:07:27
MP/LA/508,LA,508,C/EGD/1779,Yard,false,"murdered minister, Mr. John Hardie",LEM,2002-01-31T21:07:28,LEM,2002-01-31T21:07:36
MP/LA/509,LA,509,C/EGD/1779,House,false,murdered child,LEM,2002-01-31T21:07:37,LEM,2002-01-31T21:07:44
MP/LA/510,LA,510,C/LA/2973,,false,kilpatrick,LEM,2002-01-31T21:22:35,LEM,2002-01-31T21:22:38
MP/LA/511,LA,511,C/LA/2973,Moor,false,kilmacolme,LEM,2002-01-31T21:22:39,LEM,2002-01-31T21:22:43
MP/LA/512,LA,512,C/LA/2973,Yard,false,Christian Shaw's,LEM,2002-01-31T21:22:44,LEM,2002-01-31T21:22:52
MP/LA/513,LA,513,C/LA/2973,Yard,false,"murdered minister, Mr. John Hardie",LEM,2002-01-31T21:22:53,LEM,2002-01-31T21:23:01
MP/LA/514,LA,514,C/LA/2973,House,false,murdered boy,LEM,2002-01-31T21:23:03,LEM,2002-01-31T21:23:15
MP/LA/515,LA,515,C/LA/2974,,false,kilpatrick,LEM,2002-01-31T21:34:35,LEM,2002-01-31T21:34:37
MP/LA/516,LA,516,C/LA/2974,Moor,false,kilmacolme,LEM,2002-01-31T21:34:39,LEM,2002-01-31T21:34:42
MP/LA/517,LA,517,C/LA/2974,Yard,false,Christian Shaw's,LEM,2002-01-31T21:34:43,LEM,2002-01-31T21:34:48
MP/LA/518,LA,518,C/LA/2974,Yard,false,"murdered minister, Mr. John Hardie",LEM,2002-01-31T21:34:48,LEM,2002-01-31T21:35:06
MP/LA/519,LA,519,C/LA/2974,House,false,murdered boy,LEM,2002-01-31T21:35:07,LEM,2002-01-31T21:35:22
MP/LA/520,LA,520,C/LA/2975,,false,Kilpatrick,LEM,2002-02-01T11:22:18,LEM,2002-02-01T11:22:21
MP/LA/521,LA,521,C/LA/2975,Moor,false,Kilmacolme,LEM,2002-02-01T11:22:22,LEM,2002-02-01T11:22:25
MP/LA/522,LA,522,C/LA/2975,Yard,false,Christian Shaw's,LEM,2002-02-01T11:22:26,LEM,2002-02-01T11:22:34
MP/LA/523,LA,523,C/LA/2975,Yard,false,"murdered minister, Mr. John Hardie",LEM,2002-02-01T11:22:36,LEM,2002-02-01T11:22:54
MP/LA/524,LA,524,C/LA/2975,House,false,murdered boy,LEM,2002-02-01T11:22:55,LEM,2002-02-01T11:23:02
MP/LA/525,LA,525,C/LA/2976,,false,kilpatrick,LEM,2002-02-01T11:45:30,LEM,2002-02-01T11:45:31
MP/LA/526,LA,526,C/LA/2976,Moor,false,kilmacolme,LEM,2002-02-01T11:45:33,LEM,2002-02-01T11:45:37
MP/LA/527,LA,527,C/LA/2976,Yard,false,Christian Shaw's,LEM,2002-02-01T11:45:38,LEM,2002-02-01T11:45:45
MP/LA/528,LA,528,C/LA/2976,Yard,false,"murdered minister, Mr. John Hardie",LEM,2002-02-01T11:45:45,LEM,2002-02-01T11:45:52
MP/LA/529,LA,529,C/LA/2976,House,false,murdered boy,LEM,2002-02-01T11:45:53,LEM,2002-02-01T11:46:13
MP/LA/530,LA,530,C/LA/2977,,false,kilpatrick,LEM,2002-02-01T11:56:25,LEM,2002-02-01T11:56:28
MP/LA/531,LA,531,C/LA/2977,Moor,false,Kilmacolme,LEM,2002-02-01T11:56:57,LEM,2002-02-01T11:57:00
MP/LA/532,LA,532,C/LA/2977,Yard,false,christian shaw's,LEM,2002-02-01T11:57:02,LEM,2002-02-01T11:57:08
MP/LA/533,LA,533,C/LA/2977,Yard,false,"murdered minister, Mr. John Hardie",LEM,2002-02-01T11:57:09,LEM,2002-02-01T11:57:15
MP/LA/534,LA,534,C/LA/2977,House,false,murdered boy,LEM,2002-02-01T11:57:16,LEM,2002-02-01T11:57:21
MP/LA/535,LA,535,C/LA/2978,,false,kilpatrick,LEM,2002-02-01T12:17:48,LEM,2002-02-01T12:17:51
MP/LA/536,LA,536,C/LA/2978,Moor,false,Kilmacolme,LEM,2002-02-01T12:17:54,LEM,2002-02-01T12:17:58
MP/LA/537,LA,537,C/LA/2978,Yard,false,christian shaw,LEM,2002-02-01T12:17:59,LEM,2002-02-01T12:18:07
MP/LA/538,LA,538,C/LA/2978,Yard,false,"murdered minister, Mr. John Hardie",LEM,2002-02-01T12:18:08,LEM,2002-02-01T12:18:13
MP/LA/539,LA,539,C/LA/2978,House,false,murdered boy,LEM,2002-02-01T12:18:14,LEM,2002-02-01T12:18:21
MP/LA/540,LA,540,C/LA/2979,,false,kilpatrick,LEM,2002-02-01T12:29:06,LEM,2002-02-01T12:29:10
MP/LA/541,LA,541,C/LA/2979,Moor,false,kilmacolme,LEM,2002-02-01T12:29:10,LEM,2002-02-01T12:29:14
MP/LA/542,LA,542,C/LA/2979,Yard,false,christian shaw,LEM,2002-02-01T12:29:35,LEM,2002-02-01T12:29:59
MP/LA/543,LA,543,C/LA/2979,Yard,false,"murdered minister, Mr. John Hardie",LEM,2002-02-01T12:29:59,LEM,2002-02-01T12:30:07
MP/LA/544,LA,544,C/LA/2979,House,false,murdered boy,LEM,2002-02-01T12:30:15,LEM,2002-02-01T12:30:33
MP/LA/545,LA,545,C/LA/2980,,false,Kilpatrick,LEM,2002-02-01T12:40:08,LEM,2002-02-01T12:40:13
MP/LA/546,LA,546,C/LA/2980,Moor,false,Kilmacolme,LEM,2002-02-01T12:40:22,LEM,2002-02-01T12:40:26
MP/LA/547,LA,547,C/LA/2980,Yard,false,Christian Shaw,LEM,2002-02-01T12:40:27,LEM,2002-02-01T12:40:31
MP/LA/548,LA,548,C/LA/2980,Yard,false,"murdered minister, Mr. John Hardie",LEM,2002-02-01T12:40:32,LEM,2002-02-01T12:40:38
MP/LA/549,LA,549,C/LA/2980,House,false,murdered boy,LEM,2002-02-01T12:40:39,LEM,2002-02-01T12:40:46
MP/LA/55,LA,55,C/EGD/1170,River,false,head of deadman's burne,LEM,2001-06-18T10:03:29,LEM,2001-06-18T10:03:44
MP/LA/552,LA,552,C/EGD/162,Den,false,near Niddrie,LEM,2002-05-06T20:05:57,LEM,2002-05-06T20:06:41
MP/LA/553,LA,553,C/EGD/166,Hilltop,false,Coldingham Law,LEM,2002-05-07T10:33:37,LEM,2002-05-07T10:33:48
MP/LA/554,LA,554,C/EGD/674,Yard,false,,LEM,2002-05-07T11:03:28,LEM,2002-05-07T11:03:33
MP/LA/555,LA,555,C/EGD/674,Shore,false,Eyemouth,LEM,2002-05-07T11:03:39,LEM,2002-05-07T11:03:55
MP/LA/556,LA,556,C/LA/3019,Shore,false,Eyemouth,LEM,2002-05-07T12:09:47,LEM,2002-05-07T12:09:54
MP/LA/557,LA,557,C/LA/3019,Yard,false,,LEM,2002-05-07T12:10:31,LEM,2002-05-07T12:10:37
MP/LA/558,LA,558,C/EGD/301,Forest,false,,LEM,2002-05-07T15:53:41,LEM,2002-05-07T15:53:46
MP/LA/559,LA,559,C/EGD/301,House,false,her own,LEM,2002-05-07T15:53:47,LEM,2002-05-07T15:53:51
MP/LA/560,LA,560,C/EGD/238,Mill,false,Babirn,LEM,2002-05-07T16:31:41,LEM,2002-05-07T16:31:51
MP/LA/561,LA,561,C/EGD/435,Mill,false,Haddington,LEM,2002-06-06T12:43:36,LEM,2002-06-06T12:43:54
MP/LA/562,LA,562,C/EGD/435,Moor,false,Tranent Muir Brae,LEM,2002-06-06T12:52:57,LEM,2002-06-06T12:53:14
MP/LA/563,LA,563,C/EGD/435,,false,West Port of Edinburgh,LEM,2002-06-06T12:53:16,LEM,2002-06-06T12:53:22
MP/LA/564,LA,564,C/EGD/435,Kirk,false,Gladsmuir Kirk,LEM,2002-06-06T12:53:42,LEM,2002-06-06T12:53:45
MP/LA/565,LA,565,C/EGD/435,Wood,false,Saltoun Wood,LEM,2002-06-06T12:53:48,LEM,2002-06-06T12:53:53
MP/LA/566,LA,566,C/EGD/435,,false,Wester Saltoun,LEM,2002-06-06T12:54:03,LEM,2002-06-06T12:54:06
MP/LA/567,LA,567,C/EGD/435,Mill,false,Paiston,LEM,2002-06-06T12:54:27,LEM,2002-06-06T12:54:30
MP/LA/568,LA,568,C/EGD/435,,false,Haddington,LEM,2002-06-06T12:54:36,LEM,2002-06-06T12:54:43
MP/LA/569,LA,569,C/EGD/435,Kirkyard,false,Haddington,LEM,2002-06-06T12:54:45,LEM,2002-06-06T12:54:57
MP/LA/570,LA,570,C/EGD/435,Burn,false,Lethair burn,LEM,2002-06-06T12:55:00,LEM,2002-06-06T12:55:10
MP/LA/571,LA,571,C/EGD/435,Barn,false,,LEM,2002-06-06T12:55:11,LEM,2002-06-06T12:55:18
MP/LA/572,LA,572,C/EGD/435,Moor,false,Gladsmuir,LEM,2002-06-06T12:55:19,LEM,2002-06-06T12:55:24
MP/LA/573,LA,573,C/EGD/435,,false,"East Barnes, Dunbar",LEM,2002-06-06T12:55:29,LEM,2002-06-06T12:55:39
MP/LA/574,LA,574,C/EGD/435,,false,Broxburn,LEM,2002-06-06T12:55:41,LEM,2002-06-06T12:55:54
MP/LA/575,LA,575,C/EGD/435,Links,false,Gullane,LEM,2002-06-06T12:56:00,LEM,2002-06-06T12:56:19
MP/LA/578,LA,578,C/EGD/2244,Hilltop,false,Hill of Rendall,LEM,2002-06-19T11:02:26,LEM,2002-06-19T11:02:34
MP/LA/579,LA,579,C/EGD/2208,Kirkyard,false,Cross Kirk of Westray,LEM,2002-06-19T11:45:18,jhm,2002-10-24T14:23:27
MP/LA/580,LA,580,C/EGD/2212,Loch,false,,LEM,2002-06-19T12:00:17,LEM,2002-08-06T12:10:21
MP/LA/581,LA,581,C/EGD/2211,Hilltop,false,between Harray and Rendall,LEM,2002-06-19T16:00:36,LEM,2002-06-19T16:00:50
MP/LA/582,LA,582,C/EGD/694,Ford,false,Reidfoord,LEM,2002-06-24T22:30:41,LEM,2002-06-24T22:31:10
MP/LA/583,LA,583,C/EGD/687,,false,between Winton and Seaton,LEM,2002-06-25T11:06:25,LEM,2002-06-25T11:06:36
MP/LA/584,LA,584,C/LA/3061,House,false,Sarah Cranston's,LEM,2002-06-25T12:34:39,LEM,2002-06-25T12:34:51
MP/LA/585,LA,585,C/LA/3061,Burn,false,cow burn,LEM,2002-06-25T12:35:25,LEM,2002-06-25T12:35:30
MP/LA/586,LA,586,C/LA/3061,Burn,false,Manispark burn,LEM,2002-06-25T12:35:32,LEM,2002-06-25T12:35:54
MP/LA/587,LA,587,C/EGD/694,Bridge,false,Keith Bridge,LEM,2002-06-25T12:43:36,LEM,2002-06-25T12:43:40
MP/LA/588,LA,588,C/EGD/620,Ford,false,Reidfoord,LEM,2002-06-25T13:14:35,LEM,2002-06-25T13:14:48
MP/LA/589,LA,589,C/EGD/620,Wood,false,Ormiston wood,LEM,2002-06-25T13:15:11,LEM,2002-06-25T13:15:16
MP/LA/590,LA,590,C/EGD/620,Haugh,false,Lint Haugh,LEM,2002-06-25T13:15:17,LEM,2002-06-25T13:15:21
MP/LA/591,LA,591,C/EGD/620,Haugh,false,Ward Haugh,LEM,2002-06-25T13:15:22,LEM,2002-06-25T13:15:34
MP/LA/592,LA,592,C/EGD/616,Dam,false,"Ormiston, Cowsland dean",LEM,2002-06-25T13:36:13,LEM,2002-06-25T13:36:20
MP/LA/593,LA,593,C/EGD/616,Burn,false,cows burn,LEM,2002-06-25T13:36:24,LEM,2002-06-25T13:36:30
MP/LA/594,LA,594,C/EGD/703,Links,false,,LEM,2002-07-04T14:25:29,LEM,2002-07-04T14:25:36
MP/LA/595,LA,595,C/EGD/702,Links,false,Bo'ness,LEM,2002-07-04T14:25:59,LEM,2002-07-04T14:26:11
MP/LA/599,LA,599,C/EGD/203,House,false,A fellow witch's house,LEM,2002-07-12T10:41:11,jhm,2002-10-23T14:17:33
MP/LA/6,LA,6,C/EGD/162,Salt pans,false,pan brae of salt pans,LEM,2001-05-18T13:00:02,LEM,2001-05-18T13:00:21
MP/LA/60,LA,60,C/LA/2689,Yard,false,tenth yard of eyemouth,LEM,2001-06-18T10:35:19,LEM,2001-06-18T10:35:31
MP/LA/600,LA,600,C/EGD/204,House,false,another witch's house,LEM,2002-07-12T12:41:53,jhm,2002-10-23T14:37:05
MP/LA/601,LA,601,C/EGD/205,House,false,another witch's house,LEM,2002-07-12T12:56:17,jhm,2002-10-23T14:54:57
MP/LA/602,LA,602,C/EGD/291,Yard,false,a yard dyk,LEM,2002-07-18T10:36:29,LEM,2002-07-18T10:36:43
MP/LA/603,LA,603,C/EGD/292,House,false,,LEM,2002-07-18T11:15:50,LEM,2002-07-18T11:16:02
MP/LA/604,LA,604,C/EGD/293,,false,Loanhead,LEM,2002-07-18T11:52:57,LEM,2002-07-18T11:54:21
MP/LA/607,LA,607,C/EGD/311,,false,Gallowhop,LEM,2002-07-18T17:23:37,LEM,2002-07-18T17:23:39
MP/LA/608,LA,608,C/EGD/311,Hilltop,false,Sandie's Hill,LEM,2002-07-18T17:23:40,LEM,2002-07-18T17:23:51
MP/LA/609,LA,609,C/EGD/311,,false,"The Home, in Stenton",LEM,2002-07-18T17:33:34,LEM,2002-07-18T17:34:06
MP/LA/61,LA,61,C/LA/2689,Shore,false,shore of eyemouth,LEM,2001-06-18T10:35:35,LEM,2001-06-18T10:35:43
MP/LA/610,LA,610,C/EGD/309,House,false,Lacost's house,LEM,2002-07-18T17:57:40,jhm,2002-11-04T13:06:44
MP/LA/611,LA,611,C/EGD/309,,false,Gallowhop,LEM,2002-07-18T17:57:44,LEM,2002-07-18T17:58:08
MP/LA/612,LA,612,C/EGD/309,Hilltop,false,Sandie's Hill,LEM,2002-07-18T17:58:09,LEM,2002-07-18T17:58:14
MP/LA/613,LA,613,C/EGD/310,Yard,false,her own,LEM,2002-07-18T18:09:56,jhm,2002-11-04T13:12:20
MP/LA/614,LA,614,C/EGD/310,,false,Hallowhop,LEM,2002-07-18T18:17:46,jhm,2002-11-04T13:12:10
MP/LA/615,LA,615,C/EGD/319,House,false,Allesone Fermor's,LEM,2002-07-19T09:28:19,LEM,2002-07-19T09:28:28
MP/LA/616,LA,616,C/EGD/319,,false,Gallowhop,LEM,2002-07-19T09:28:30,LEM,2002-07-19T09:28:49
MP/LA/617,LA,617,C/EGD/318,Burn,false,Carfrae Burn,LEM,2002-07-19T09:52:12,LEM,2002-07-19T09:52:18
MP/LA/618,LA,618,C/EGD/318,,false,Gallowhop,LEM,2002-07-19T09:52:19,LEM,2002-07-19T09:52:42
MP/LA/619,LA,619,C/LA/3135,Kirk,false,Chaple Stair,LEM,2002-07-19T12:49:51,LEM,2002-07-19T12:50:12
MP/LA/620,LA,620,C/EGD/792,House,false,Jon Wilson's,LEM,2002-07-23T15:12:59,LEM,2002-07-23T15:13:24
MP/LA/621,LA,621,C/EGD/33,Glen,false,Glen of Corloy,LEM,2002-07-24T10:30:48,LEM,2002-07-24T10:31:13
MP/LA/622,LA,622,C/EGD/108,,false,Presonpans,LEM,2002-07-26T09:49:54,LEM,2002-07-26T09:50:03
MP/LA/623,LA,623,C/EGD/120,,false,Prestonpans,LEM,2002-07-26T09:55:02,LEM,2002-07-26T09:55:06
MP/LA/624,LA,624,C/EGD/120,Kirk,false,North Berwick,LEM,2002-07-26T09:56:31,LEM,2002-07-26T09:56:38
MP/LA/625,LA,625,C/EGD/120,Kirkyard,false,North Berwick,LEM,2002-07-26T09:56:39,LEM,2002-07-26T09:56:45
MP/LA/626,LA,626,C/EGD/107,,false,Fyrnt Hoillis of Prestonpans,LEM,2002-07-26T10:02:30,LEM,2002-07-26T10:03:14
MP/LA/627,LA,627,C/EGD/110,,false,The Ship,LEM,2002-07-26T10:32:53,LEM,2002-07-26T10:32:59
MP/LA/628,LA,628,C/EGD/63,Hilltop,false,,LEM,2002-07-26T10:57:25,LEM,2002-07-26T11:43:13
MP/LA/629,LA,629,C/EGD/345,Dam,false,The Stone Well,LEM,2002-07-30T11:11:32,LEM,2002-07-30T11:11:40
MP/LA/630,LA,630,C/EGD/345,Green,false,between Tranent and Seaton,LEM,2002-07-30T11:12:10,LEM,2002-07-30T11:12:29
MP/LA/631,LA,631,C/EGD/346,Dam,false,of Tranent,LEM,2002-07-30T12:13:54,LEM,2002-07-30T12:14:12
MP/LA/632,LA,632,C/EGD/346,Green,false,Bragreen between Seaton and Tranent,LEM,2002-07-30T12:14:14,LEM,2002-07-30T12:14:31
MP/LA/633,LA,633,C/EGD/347,,false,Prestonpans,LEM,2002-07-30T13:46:54,LEM,2002-07-30T13:47:22
MP/LA/634,LA,634,C/EGD/353,Kirk,false,the Old Kirk,LEM,2002-08-01T09:28:04,LEM,2002-08-01T09:28:11
MP/LA/635,LA,635,C/EGD/344,Windmill,false,of the pans,LEM,2002-08-01T09:38:47,LEM,2002-08-01T09:39:09
MP/LA/636,LA,636,C/EGD/349,Green,false,Bragreen between Seaton and Tranent,LEM,2002-08-01T09:46:58,LEM,2002-08-01T09:47:21
MP/LA/637,LA,637,C/EGD/343,Green,false,Bragreen between Seaton and Tranent,LEM,2002-08-01T09:56:06,LEM,2002-08-01T09:56:24
MP/LA/638,LA,638,C/EGD/273,Hilltop,false,,LEM,2002-08-01T10:53:01,LEM,2002-08-01T10:53:13
MP/LA/639,LA,639,C/EGD/273,Kirk,false,Irvine,LEM,2002-08-01T10:54:04,jhm,2002-10-31T11:30:51
MP/LA/640,LA,640,C/EGD/1474,Kirk,false,Nairn,LEM,2002-08-20T14:50:54,LEM,2002-08-20T14:50:58
MP/LA/641,LA,641,C/EGD/1474,,false,Darnvay,LEM,2002-08-20T15:02:36,LEM,2002-08-20T15:02:41
MP/LA/642,LA,642,C/EGD/1558,Kirk,false,The Kirk of Auldearn,LEM,2002-08-22T10:41:55,LEM,2002-08-22T10:42:08
MP/LA/643,LA,643,C/EGD/1558,Kirk,false,Kirk of Nairn,LEM,2002-08-22T10:44:37,LEM,2002-08-22T10:44:42
MP/LA/644,LA,644,C/EGD/1558,Hilltop,false,Hill of Earlfeat,LEM,2002-08-22T10:49:53,LEM,2002-08-22T10:50:00
MP/LA/645,LA,645,C/EGD/1558,Dye-House,false,Auldearn,LEM,2002-08-22T11:09:46,LEM,2002-08-22T11:09:55
MP/LA/65,LA,65,C/EGD/1605,House,false,Her house,LEM,2001-06-19T14:10:38,LEM,2001-06-19T14:11:07
MP/LA/66,LA,66,C/EGD/372,Bank Head,false,Wolmet Bank,LEM,2001-06-27T16:09:33,LEM,2001-06-27T16:10:57
MP/LA/661,LA,661,C/EGD/1224,Hilltop,false,Coldinghame Law,LEM,2002-11-18T15:51:06,LEM,2002-11-18T15:51:26
MP/LA/662,LA,662,C/EGD/1224,House,false,Bessie Sleigh's,LEM,2002-11-18T15:51:27,LEM,2002-11-18T15:51:35
MP/LA/663,LA,663,C/EGD/1224,Hilltop,false,Borthwick Hill,LEM,2002-11-18T15:51:36,LEM,2002-11-18T15:51:48
MP/LA/664,LA,664,C/EGD/1224,Hilltop,false,Duns Law,LEM,2002-11-18T15:51:48,LEM,2002-11-18T15:51:56
MP/LA/665,LA,665,C/EGD/1225,Hilltop,false,Coldingham Law,LEM,2002-11-18T16:05:59,LEM,2002-11-18T16:06:08
MP/LA/666,LA,666,C/EGD/1225,Hilltop,false,Duns Law,LEM,2002-11-18T16:06:22,LEM,2002-11-18T16:06:26
MP/LA/667,LA,667,C/EGD/1225,Hilltop,false,Borthwick Hill,LEM,2002-11-18T16:06:26,LEM,2002-11-18T16:06:46
MP/LA/668,LA,668,C/EGD/1226,Hilltop,false,Duns Law,LEM,2002-11-18T16:18:29,LEM,2002-11-18T16:18:36
MP/LA/669,LA,669,C/EGD/1226,Hilltop,false,Borthwick Hills,LEM,2002-11-18T16:18:42,LEM,2002-11-18T16:18:54
MP/LA/67,LA,67,C/EGD/372,Moor,false,Burrow Mure,LEM,2001-06-27T16:11:04,LEM,2001-06-27T16:11:26
MP/LA/68,LA,68,C/EGD/371,Road,false,between Sheriffhall burn and Dalkeith,LEM,2001-06-27T16:18:01,jhm,2002-11-05T14:21:56
MP/LA/69,LA,69,C/EGD/374,Yard,false,Sheriffhall,LEM,2001-06-27T16:21:48,LEM,2001-06-27T16:22:13
MP/LA/7,LA,7,C/EGD/162,House,false,suspect's in Nyddrie Myln,LEM,2001-05-18T13:00:21,LEM,2001-05-18T13:00:59
MP/LA/70,LA,70,C/EGD/374,House,false,"fellow accused witch's, at 11pm",LEM,2001-06-27T16:23:02,jhm,2002-11-05T14:44:36
MP/LA/71,LA,71,C/EGD/373,Bank Head,false,Wolmet bank,LEM,2001-06-28T09:20:53,LEM,2001-06-28T09:22:20
MP/LA/72,LA,72,C/EGD/370,Bank Head,false,Wolmet Bank,LEM,2001-06-28T09:31:25,LEM,2001-07-09T10:25:51
MP/LA/73,LA,73,C/EGD/370,Yard,false,Sheriffhall,LEM,2001-06-28T09:31:35,LEM,2001-06-28T09:31:57
MP/LA/78,LA,78,C/EGD/1390,Yard,false,Sheriffhall,LEM,2001-06-28T09:57:01,LEM,2001-06-28T09:57:05
MP/LA/79,LA,79,C/EGD/1390,House,false,her house,LEM,2001-06-28T09:57:22,LEM,2001-06-28T09:57:40
MP/LA/8,LA,8,C/EGD/162,Salt pans,false,Salt Coitmure,LEM,2001-05-18T13:01:08,LEM,2001-05-18T13:01:38
MP/LA/9,LA,9,C/EGD/166,House,false,Oswald's in Nyddrie Mylne,LEM,2001-05-18T15:13:52,LEM,2001-05-18T15:15:22
MP/LA/96,LA,96,C/EGD/380,House,false,her own house,LEM,2001-06-29T11:06:53,LEM,2001-06-29T11:06:58
MP/LA/97,LA,97,C/EGD/380,Dam,false,Newtown Deimhead,LEM,2001-06-29T11:09:00,LEM,2001-06-29T11:09:19
MP/LA/98,LA,98,C/EGD/380,Road,false,on the way to the Mill,LEM,2001-06-29T11:09:26,LEM,2001-06-29T11:09:33
MP/LA/99,LA,99,C/EGD/365,Dam,false,Newtown Deinhead,LEM,2001-06-29T11:54:36,LEM,2001-06-29T11:54:43
