imprisonref,imprisonsystemid,imprisonid,trialref,centraltrialimprison,imprisondate,imprisondate_as_date,prison,location,moving,fate_in_prison,createdby,createdate,lastupdatedby,lastupdatedon
IM/JO/10,JO,10,T/JO/78,false,,,Tolbooth,Haddington,false,,jhm,2001-06-07T16:20:29,LEM,2002-10-28T12:45:55
IM/JO/11,JO,11,T/JO/79,false,,,Tolbooth,Haddington,false,,jhm,2001-06-08T09:24:01,LEM,2002-10-28T12:46:18
IM/JO/12,JO,12,T/JO/80,false,,,Tolbooth,Haddington,false,,jhm,2001-06-08T09:41:37,LEM,2002-10-28T12:46:29
IM/JO/127,JO,127,T/JO/416,true,,,Tolbooth,Canongate,false,Released,jhm,2001-07-16T12:22:16,jhm,2001-07-16T12:22:42
IM/JO/128,JO,128,T/JO/417,false,,,Tolbooth,Stirling,false,,jhm,2001-07-16T12:44:06,LEM,2002-10-28T12:58:03
IM/JO/129,JO,129,T/JO/420,false,3/1659,1959-03-01T00:00:00,Tolbooth,Stirling,false,,jhm,2001-07-16T14:53:27,jhm,2001-07-16T14:53:43
IM/JO/13,JO,13,T/JO/81,false,1630,2030-06-01T00:00:00,Tolbooth,Haddington,false,,jhm,2001-06-08T09:59:16,jhm,2001-06-08T09:59:30
IM/JO/130,JO,130,T/JO/422,false,3/1659,1959-03-01T00:00:00,Tolbooth,Stirling,false,,jhm,2001-07-16T15:12:37,jhm,2001-07-16T15:12:53
IM/JO/131,JO,131,T/JO/433,false,,,,Dalkeith,false,,jhm,2001-07-17T15:52:15,jhm,2002-10-18T10:32:40
IM/JO/14,JO,14,T/JO/82,false,,,Tolbooth,Haddington,false,Released,jhm,2001-06-08T14:24:19,LEM,2002-10-28T12:46:45
IM/JO/141,JO,141,T/LA/234,false,9/8/1615,2015-08-09T00:00:00,Tolbooth,Linlithgow,false,,jhm,2001-07-23T13:08:25,jhm,2001-07-23T13:16:52
IM/JO/142,JO,142,T/JO/511,false,,,,,false,,jhm,2001-07-23T13:32:32,jhm,2002-10-11T16:52:05
IM/JO/143,JO,143,T/LA/240,false,26/3/1617,2017-03-26T00:00:00,,,false,,jhm,2001-07-23T15:05:52,jhm,2001-07-23T15:06:25
IM/JO/144,JO,144,T/LA/239,false,3/1617,2017-03-01T00:00:00,,,false,,jhm,2001-07-23T15:10:13,jhm,2001-07-23T15:10:20
IM/JO/145,JO,145,T/LA/238,false,3/1617,2017-03-01T00:00:00,,,false,,jhm,2001-07-23T15:11:16,jhm,2001-07-23T15:11:20
IM/JO/146,JO,146,T/JO/513,false,,,,,false,,jhm,2001-07-24T10:24:22,jhm,2002-10-11T16:52:45
IM/JO/147,JO,147,T/JO/515,false,12/1643,2043-12-01T00:00:00,Tolbooth,Queensferry,false,,jhm,2001-07-24T12:28:57,jhm,2001-07-24T12:36:55
IM/JO/148,JO,148,T/JO/517,false,12/1643,2043-12-01T00:00:00,Tolbooth,Queensferry,false,,jhm,2001-07-24T12:57:40,jhm,2001-07-24T12:57:51
IM/JO/149,JO,149,T/JO/518,false,12/1643,2043-12-01T00:00:00,Tolbooth,Queensferry,false,,jhm,2001-07-24T13:03:20,jhm,2001-07-24T13:03:31
IM/JO/15,JO,15,T/JO/86,false,1/4/1630,2030-04-01T00:00:00,Tolbooth,Haddington,false,,jhm,2001-06-12T09:44:21,jhm,2001-06-12T09:44:44
IM/JO/150,JO,150,T/JO/519,false,12/1643,2043-12-01T00:00:00,Tolbooth,Queensferry,false,,jhm,2001-07-24T13:08:29,jhm,2001-07-24T13:08:41
IM/JO/151,JO,151,T/JO/520,false,12/1643,2043-12-01T00:00:00,Tolbooth,Queensferry,false,,jhm,2001-07-24T13:12:57,jhm,2001-07-24T13:13:11
IM/JO/152,JO,152,T/JO/521,false,12/1643,2043-12-01T00:00:00,Tolbooth,Queensferry,false,,jhm,2001-07-24T13:16:13,jhm,2001-07-24T13:16:21
IM/JO/153,JO,153,T/JO/522,false,12/1643,2043-12-01T00:00:00,Tolbooth,Queensferry,false,,jhm,2001-07-24T13:21:13,jhm,2001-07-24T13:21:22
IM/JO/154,JO,154,T/JO/523,false,3/1644,2044-03-01T00:00:00,Tolbooth,Queensferry,false,,jhm,2001-07-24T14:34:40,jhm,2001-07-24T14:34:53
IM/JO/155,JO,155,T/JO/529,false,,,,Falkirk,false,,jhm,2001-07-24T15:31:02,jhm,2002-10-11T16:53:10
IM/JO/156,JO,156,T/JO/539,false,1/4/1644,2044-04-01T00:00:00,Tolbooth,Queensferry,false,Released,jhm,2001-07-26T15:06:30,jhm,2001-07-26T15:23:45
IM/JO/157,JO,157,T/JO/573,false,,,,Peebles,false,,jhm,2001-07-30T11:38:56,jhm,2002-10-11T16:53:29
IM/JO/158,JO,158,T/JO/574,false,17/5/1649,2049-05-17T00:00:00,,Peebles,false,,jhm,2001-07-31T12:07:08,jhm,2001-07-31T12:07:28
IM/JO/159,JO,159,T/JO/575,false,6/1649,2049-06-01T00:00:00,,Peebles,false,,jhm,2001-07-31T12:40:35,jhm,2001-08-02T14:04:28
IM/JO/16,JO,16,T/JO/87,false,4/1630,2030-04-01T00:00:00,Tolbooth,Haddington,false,,jhm,2001-06-12T10:03:53,jhm,2001-06-12T10:04:08
IM/JO/160,JO,160,T/JO/577,false,10/1649,2049-10-01T00:00:00,,Peebles,false,,jhm,2001-07-31T14:42:48,jhm,2001-07-31T14:42:56
IM/JO/161,JO,161,T/JO/579,false,10/1649,2049-10-01T00:00:00,,Peebles,false,,jhm,2001-07-31T15:04:23,jhm,2001-07-31T15:04:33
IM/JO/162,JO,162,T/JO/580,false,10/1649,2049-10-01T00:00:00,,Peebles,false,,jhm,2001-07-31T15:18:09,jhm,2001-07-31T15:18:15
IM/JO/163,JO,163,T/JO/582,false,10/1649,2049-10-01T00:00:00,,Peebles,false,,jhm,2001-07-31T15:30:34,jhm,2001-07-31T15:30:41
IM/JO/164,JO,164,T/JO/584,false,10/1649,2049-10-01T00:00:00,,Peebles,false,,jhm,2001-07-31T15:49:28,jhm,2001-07-31T15:49:35
IM/JO/165,JO,165,T/JO/590,false,11/1649,2049-11-01T00:00:00,,Peebles,false,,jhm,2001-08-01T11:02:28,jhm,2001-08-01T11:02:51
IM/JO/166,JO,166,T/JO/591,false,,,,Peebles,false,,jhm,2001-08-01T11:11:43,jhm,2002-10-11T16:53:34
IM/JO/167,JO,167,T/JO/592,false,6/1704,2004-06-01T00:00:00,,Pittenweem,false,Released,jhm,2001-08-02T15:44:11,jhm,2002-08-02T15:38:10
IM/JO/168,JO,168,T/JO/595,false,14/5/1688,1988-05-14T00:00:00,Tolbooth,Dunbar,false,,jhm,2001-08-15T12:44:35,jhm,2001-08-16T09:19:30
IM/JO/169,JO,169,T/JO/597,false,3/1682,1982-03-01T00:00:00,Tolbooth,Ayr,false,Moved,jhm,2001-08-16T11:20:22,jhm,2001-08-16T11:21:00
IM/JO/17,JO,17,T/JO/88,false,4/1630,2030-04-01T00:00:00,Tolbooth,Haddington,false,,jhm,2001-06-12T10:19:35,jhm,2001-06-12T10:19:50
IM/JO/170,JO,170,T/JO/598,false,9/7/1678,1978-07-09T00:00:00,Tolbooth,Prestonpans,false,Released,jhm,2001-08-16T11:47:23,jhm,2001-08-16T11:49:49
IM/JO/171,JO,171,T/JO/599,false,10/1678,1978-10-01T00:00:00,,Loanhead of Lasswade,false,,jhm,2001-08-16T12:03:40,jhm,2001-08-16T12:27:36
IM/JO/172,JO,172,T/JO/600,false,10/1678,1978-10-01T00:00:00,,Loanhead of Lasswade,false,,jhm,2001-08-16T12:15:53,jhm,2001-08-16T12:16:37
IM/JO/173,JO,173,T/JO/601,false,10/1678,1978-10-01T00:00:00,,Loanhead of Lasswade,false,,jhm,2001-08-16T12:19:52,jhm,2001-08-16T12:20:06
IM/JO/174,JO,174,T/JO/602,false,10/1678,1978-10-01T00:00:00,,Loanhead of Lasswade,false,,jhm,2001-08-16T12:24:18,jhm,2001-08-16T12:24:30
IM/JO/175,JO,175,T/JO/603,false,11/1679,1979-11-01T00:00:00,Tolbooth,Bo'ness,false,,jhm,2001-08-16T13:55:57,jhm,2001-08-16T13:56:23
IM/JO/176,JO,176,T/JO/604,false,11/1679,1979-11-01T00:00:00,Tolbooth,Bo'ness,false,,jhm,2001-08-16T14:12:20,jhm,2001-08-16T14:12:29
IM/JO/177,JO,177,T/JO/605,false,11/1679,1979-11-01T00:00:00,Tolbooth,Bo'ness,false,,jhm,2001-08-16T14:16:58,jhm,2001-08-16T14:17:09
IM/JO/178,JO,178,T/JO/606,false,11/1679,1979-11-01T00:00:00,Tolbooth,Bo'ness,false,,jhm,2001-08-16T14:22:07,jhm,2001-08-16T14:22:16
IM/JO/179,JO,179,T/JO/607,false,11/1679,1979-11-01T00:00:00,Tolbooth,Bo'ness,false,,jhm,2001-08-16T14:27:19,jhm,2001-08-16T14:27:29
IM/JO/18,JO,18,T/JO/91,false,,,Castle,Dirleton,false,,jhm,2001-06-13T10:26:04,LEM,2002-10-28T12:54:48
IM/JO/180,JO,180,T/JO/608,false,11/1679,1979-11-01T00:00:00,Tolbooth,Bo'ness,false,,jhm,2001-08-16T14:31:32,jhm,2001-08-16T14:31:40
IM/JO/181,JO,181,T/JO/613,false,3/1679,1979-03-01T00:00:00,Tolbooth,Canongate,false,Released,jhm,2001-08-16T16:01:35,jhm,2001-08-16T16:01:51
IM/JO/182,JO,182,T/JO/615,false,1/1677,1977-01-01T00:00:00,Tolbooth,Paisley,false,Moved,jhm,2001-08-17T09:31:14,jhm,2001-08-17T10:19:07
IM/JO/183,JO,183,T/JO/616,false,1/1677,1977-01-01T00:00:00,Tolbooth,Paisley,false,,jhm,2001-08-17T09:41:39,LEM,2002-01-16T10:58:29
IM/JO/184,JO,184,T/JO/614,false,1/1677,1977-01-01T00:00:00,,,false,,jhm,2001-08-17T09:44:27,jhm,2001-08-17T09:57:44
IM/JO/185,JO,185,T/JO/617,false,1/1677,1977-01-01T00:00:00,Tolbooth,Paisley,false,,jhm,2001-08-17T09:52:07,LEM,2002-01-16T12:09:26
IM/JO/186,JO,186,T/JO/618,false,1/1677,1977-01-01T00:00:00,Tolbooth,Paisley,false,,jhm,2001-08-17T10:00:34,LEM,2002-01-16T12:26:30
IM/JO/187,JO,187,T/JO/619,false,2/1677,1977-02-01T00:00:00,,,false,,jhm,2001-08-17T10:11:48,jhm,2001-08-17T10:11:52
IM/JO/188,JO,188,T/JO/615,false,4/1677,1977-04-01T00:00:00,Tolbooth,Glasgow,false,,jhm,2001-08-17T10:18:39,jhm,2001-08-17T10:18:57
IM/JO/189,JO,189,T/JO/620,false,,,Tolbooth,Haddington,false,,jhm,2001-08-17T10:33:55,jhm,2002-10-11T16:54:07
IM/JO/19,JO,19,T/JO/92,false,6/1649,2049-06-01T00:00:00,,Dirleton,false,,jhm,2001-06-13T10:48:49,jhm,2002-10-11T16:41:10
IM/JO/190,JO,190,T/JO/621,false,6/1677,1977-06-01T00:00:00,Tolbooth,Dumbarton,false,,jhm,2001-08-17T11:32:07,jhm,2001-08-17T11:32:21
IM/JO/191,JO,191,T/JO/622,false,6/1677,1977-06-01T00:00:00,Tolbooth,Dumbarton,false,,jhm,2001-08-17T11:36:56,jhm,2001-08-17T11:37:07
IM/JO/192,JO,192,T/JO/623,false,6/1677,1977-06-01T00:00:00,Tolbooth,Dumbarton,false,,jhm,2001-08-17T11:40:15,jhm,2001-08-17T11:40:26
IM/JO/193,JO,193,T/JO/624,false,6/1677,1977-06-01T00:00:00,Tolbooth,Dumbarton,false,,jhm,2001-08-17T11:43:32,jhm,2001-08-17T11:43:44
IM/JO/194,JO,194,T/JO/625,false,6/1677,1977-06-01T00:00:00,Tolbooth,Dumbarton,false,,jhm,2001-08-17T11:46:24,jhm,2001-08-17T11:46:33
IM/JO/195,JO,195,T/JO/626,false,4/1677,1977-04-01T00:00:00,Tolbooth,Stirling,false,,jhm,2001-08-17T12:02:05,jhm,2001-08-17T12:02:17
IM/JO/196,JO,196,T/JO/627,false,4/1677,1977-04-01T00:00:00,Tolbooth,Stirling,false,,jhm,2001-08-17T12:27:40,jhm,2001-08-17T12:27:49
IM/JO/197,JO,197,T/JO/628,false,4/1677,1977-04-01T00:00:00,Tolbooth,Stirling,false,,jhm,2001-08-17T12:36:48,jhm,2001-08-17T12:37:01
IM/JO/198,JO,198,T/JO/629,false,4/1677,1977-04-01T00:00:00,Tolbooth,Stirling,false,,jhm,2001-08-17T12:43:54,jhm,2001-08-17T12:44:05
IM/JO/199,JO,199,T/JO/630,false,5/1677,1977-05-01T00:00:00,Tolbooth,Haddington,false,,jhm,2001-08-17T12:54:15,jhm,2001-08-17T12:54:32
IM/JO/20,JO,20,T/JO/93,false,,,,Dirleton,false,,jhm,2001-06-13T12:01:16,LEM,2002-10-28T12:54:28
IM/JO/200,JO,200,T/JO/631,false,5/1678,1978-05-01T00:00:00,Tolbooth,Prestonpans,false,,jhm,2001-08-17T13:13:49,jhm,2001-08-17T13:14:08
IM/JO/201,JO,201,T/JO/632,false,5/1678,1978-05-01T00:00:00,Tolbooth,Prestonpans,false,,jhm,2001-08-17T13:21:03,jhm,2001-08-17T13:21:12
IM/JO/202,JO,202,T/JO/633,false,1/1673,1973-01-01T00:00:00,Tolbooth,Scalloway,false,,jhm,2001-08-17T15:00:59,jhm,2001-08-17T15:01:13
IM/JO/203,JO,203,T/JO/634,false,1/1673,1973-01-01T00:00:00,Tolbooth,Scalloway,false,,jhm,2001-08-17T15:06:04,jhm,2001-08-17T15:06:13
IM/JO/204,JO,204,T/JO/637,false,1/1673,1973-01-01T00:00:00,Tolbooth,Scalloway,false,,jhm,2001-08-29T09:41:21,jhm,2001-08-29T09:41:35
IM/JO/205,JO,205,T/JO/638,false,1/1673,1973-01-01T00:00:00,Tolbooth,Scalloway,false,,jhm,2001-08-29T10:00:48,jhm,2001-08-29T10:00:58
IM/JO/206,JO,206,T/JO/640,false,4/1669,1969-04-01T00:00:00,Tolbooth,Duns,false,,jhm,2001-08-29T15:02:32,jhm,2001-08-29T15:02:46
IM/JO/207,JO,207,T/JO/641,false,7/1669,1969-07-01T00:00:00,,Aberdeen,false,,jhm,2001-08-29T16:21:13,jhm,2001-08-29T16:21:23
IM/JO/208,JO,208,T/JO/642,false,7/1669,1969-07-01T00:00:00,,Aberdeen,false,,jhm,2001-08-29T16:26:19,jhm,2001-08-29T16:26:35
IM/JO/209,JO,209,T/JO/643,false,7/1669,1969-07-01T00:00:00,,Aberdeen,false,,jhm,2001-08-30T09:13:05,jhm,2001-08-30T09:13:15
IM/JO/21,JO,21,T/JO/94,false,9/6/1649,2049-06-09T00:00:00,,Haddington,false,,jhm,2001-06-13T12:33:31,jhm,2001-06-13T12:33:58
IM/JO/210,JO,210,T/JO/644,false,7/1669,1969-07-01T00:00:00,,Aberdeen,false,,jhm,2001-08-30T09:21:03,jhm,2001-08-30T09:21:17
IM/JO/211,JO,211,T/JO/645,false,9/1669,1969-09-01T00:00:00,Castle,Tioram,false,,jhm,2001-08-30T10:31:34,jhm,2001-08-30T10:31:49
IM/JO/212,JO,212,T/JO/646,false,8/1669,1969-08-01T00:00:00,Castle,Tioram,false,,jhm,2001-08-30T10:42:09,jhm,2001-08-30T10:42:19
IM/JO/213,JO,213,T/JO/647,false,,,Castle,Tioram,false,,jhm,2001-08-30T10:46:52,jhm,2002-10-11T16:54:13
IM/JO/214,JO,214,T/JO/648,false,11/1669,1969-11-01T00:00:00,Tolbooth,Dundee,false,,jhm,2001-08-30T10:50:52,jhm,2001-08-30T10:51:04
IM/JO/215,JO,215,T/JO/649,false,5/1670,1970-05-01T00:00:00,Tolbooth,Lanark,false,,jhm,2001-08-30T11:13:58,jhm,2001-08-30T11:21:05
IM/JO/216,JO,216,T/JO/769,false,1665,1965-06-01T00:00:00,Tolbooth,Stirling,false,Released,jhm,2001-08-31T13:06:36,jhm,2001-10-19T09:24:47
IM/JO/217,JO,217,T/JO/769,true,12/1664,1964-12-01T00:00:00,Tolbooth,Edinburgh,false,Moved,jhm,2001-08-31T13:07:00,jhm,2001-10-19T09:25:14
IM/JO/218,JO,218,T/JO/770,false,,,,Forfar,false,,jhm,2001-08-31T13:10:44,LEM,2002-10-28T12:59:55
IM/JO/219,JO,219,T/JO/772,false,5/1666,1966-05-01T00:00:00,Tolbooth,Anstruther Wester,false,,jhm,2001-08-31T14:35:59,jhm,2001-08-31T14:36:14
IM/JO/220,JO,220,T/JO/773,false,9/1666,1966-09-01T00:00:00,Tolbooth,Torryburn,false,,jhm,2001-08-31T15:06:45,jhm,2001-08-31T15:06:56
IM/JO/221,JO,221,T/JO/774,false,9/1666,1966-09-01T00:00:00,Tolbooth,Torryburn,false,,jhm,2001-08-31T15:16:09,jhm,2001-08-31T15:16:20
IM/JO/222,JO,222,T/JO/775,false,9/1666,1966-09-01T00:00:00,Tolbooth,Torryburn,false,,jhm,2001-08-31T15:19:41,jhm,2001-08-31T15:19:52
IM/JO/223,JO,223,T/JO/776,false,9/1666,1966-09-01T00:00:00,Tolbooth,Torryburn,false,,jhm,2001-08-31T15:22:57,jhm,2001-08-31T15:23:07
IM/JO/224,JO,224,T/JO/777,false,9/1666,1966-09-01T00:00:00,Tolbooth,Torryburn,false,,jhm,2001-08-31T15:25:57,jhm,2001-08-31T15:26:06
IM/JO/225,JO,225,T/JO/778,false,9/1666,1966-09-01T00:00:00,Tolbooth,Torryburn,false,,jhm,2001-08-31T15:35:33,jhm,2001-08-31T15:35:44
IM/JO/226,JO,226,T/JO/779,false,9/1666,1966-09-01T00:00:00,Tolbooth,Torryburn,false,,jhm,2001-08-31T15:38:25,jhm,2001-08-31T15:38:35
IM/JO/227,JO,227,T/JO/780,false,1/1667,1967-01-01T00:00:00,Tolbooth,St Andrews,false,,jhm,2001-08-31T15:45:06,jhm,2001-08-31T15:45:18
IM/JO/228,JO,228,T/JO/769,false,1664,1964-06-01T00:00:00,,Dunblane,false,Moved,jhm,2001-08-31T16:05:14,jhm,2001-08-31T16:05:41
IM/JO/229,JO,229,T/JO/782,false,,,,Jedburgh,false,,jhm,2001-09-03T11:03:26,jhm,2002-10-11T16:18:30
IM/JO/23,JO,23,T/JO/102,false,,,,Haddington,false,,jhm,2001-06-14T14:43:33,LEM,2002-10-28T12:53:58
IM/JO/230,JO,230,T/JO/783,false,,,,Jedburgh,false,,jhm,2001-09-03T11:09:48,jhm,2002-10-11T16:18:49
IM/JO/231,JO,231,T/JO/784,false,,,,Jedburgh,false,,jhm,2001-09-03T11:13:45,jhm,2002-10-11T16:18:55
IM/JO/232,JO,232,T/JO/788,false,,,,Tyninghame,false,,jhm,2001-09-04T14:52:11,jhm,2002-10-18T10:54:48
IM/JO/233,JO,233,T/JO/789,false,,,,Tyninghame,false,,jhm,2001-09-04T15:06:52,jhm,2002-10-18T11:02:37
IM/JO/235,JO,235,T/JO/812,false,,,,,false,,jhm,2001-09-10T13:25:42,LEM,2002-10-28T12:59:13
IM/JO/236,JO,236,T/JO/813,false,,,,,false,,jhm,2001-09-10T13:30:28,LEM,2002-10-28T12:58:20
IM/JO/237,JO,237,T/JO/814,false,9/1661,1961-09-01T00:00:00,,,false,,jhm,2001-09-10T13:35:07,jhm,2001-09-10T13:35:10
IM/JO/238,JO,238,T/JO/815,false,9/1661,1961-09-01T00:00:00,,,false,,jhm,2001-09-10T13:40:30,jhm,2001-09-10T13:40:35
IM/JO/239,JO,239,T/JO/816,false,9/1661,1961-09-01T00:00:00,,,false,,jhm,2001-09-10T13:44:05,jhm,2001-09-10T13:44:08
IM/JO/24,JO,24,T/JO/104,false,,,,Haddington,false,,jhm,2001-06-14T15:01:22,LEM,2002-10-28T12:53:40
IM/JO/240,JO,240,T/JO/817,false,9/1661,1961-09-01T00:00:00,,,false,,jhm,2001-09-10T13:48:26,jhm,2001-09-10T13:48:29
IM/JO/241,JO,241,T/JO/818,false,9/1661,1961-09-01T00:00:00,,,false,,jhm,2001-09-10T13:51:49,jhm,2001-09-10T13:51:52
IM/JO/243,JO,243,T/LA/402,false,9/1661,1961-09-01T00:00:00,,,false,Released,jhm,2001-09-10T14:15:08,jhm,2001-09-24T14:00:29
IM/JO/244,JO,244,T/JO/819,false,9/1661,1961-09-01T00:00:00,,,false,,jhm,2001-09-10T14:27:29,jhm,2001-09-10T14:27:32
IM/JO/245,JO,245,T/JO/830,false,,,Tolbooth,Duns,false,Released,jhm,2001-09-12T16:07:59,LEM,2002-10-28T12:59:29
IM/JO/246,JO,246,T/JO/421,false,3/1659,1959-03-01T00:00:00,Tolbooth,Stirling,false,,jhm,2001-09-12T16:12:34,jhm,2001-09-12T16:18:20
IM/JO/247,JO,247,T/JO/419,false,3/1659,1959-03-01T00:00:00,Tolbooth,Stirling,false,,jhm,2001-09-12T16:14:52,jhm,2001-09-12T16:17:25
IM/JO/248,JO,248,T/JO/867,false,,,,Falkland,false,Released,jhm,2001-09-24T14:11:24,jhm,2002-10-11T16:54:50
IM/JO/249,JO,249,T/JO/868,false,,,,Falkland,false,Released,jhm,2001-09-24T14:20:20,jhm,2002-10-11T16:55:08
IM/JO/25,JO,25,T/JO/105,false,7/1649,2049-07-01T00:00:00,,Haddington,false,,jhm,2001-06-14T15:14:22,jhm,2001-06-14T15:14:29
IM/JO/250,JO,250,T/JO/880,false,,,,Lasswade,false,Released,jhm,2001-10-03T13:01:04,jhm,2002-10-11T16:55:24
IM/JO/251,JO,251,T/JO/881,false,,,Tolbooth,Ayton,false,Released,jhm,2001-10-03T13:12:54,jhm,2002-10-11T16:55:41
IM/JO/252,JO,252,T/JO/896,false,,,Tolbooth,Duns,false,Released,jhm,2001-10-03T16:03:13,jhm,2002-10-11T16:55:58
IM/JO/253,JO,253,T/JO/831,false,,,,Rhynd,false,,jhm,2001-10-04T09:19:13,jhm,2002-10-18T11:02:18
IM/JO/254,JO,254,T/JO/832,false,,,,Rhynd,false,,jhm,2001-10-04T09:30:35,jhm,2002-10-18T11:01:51
IM/JO/255,JO,255,T/JO/833,false,,,,Rhynd,false,,jhm,2001-10-04T09:37:29,jhm,2002-10-18T11:01:31
IM/JO/256,JO,256,T/JO/834,false,,,,Rhynd,false,,jhm,2001-10-04T09:43:24,jhm,2002-10-18T11:01:12
IM/JO/257,JO,257,T/JO/897,false,,,,Rhynd,false,Moved,jhm,2001-10-04T09:55:46,LEM,2002-10-28T13:01:19
IM/JO/258,JO,258,T/JO/898,false,,,,Rhynd,false,Moved,jhm,2001-10-04T10:03:54,LEM,2002-10-28T13:00:46
IM/JO/259,JO,259,T/JO/899,false,,,,Rhynd,false,Moved,jhm,2001-10-04T10:10:52,LEM,2002-10-28T13:00:30
IM/JO/26,JO,26,T/JO/107,false,,,,Haddington,false,,jhm,2001-06-15T09:23:24,LEM,2002-10-28T12:55:05
IM/JO/260,JO,260,T/JO/900,false,,,,Rhynd,false,Moved,jhm,2001-10-04T10:17:33,LEM,2002-10-28T13:01:04
IM/JO/261,JO,261,T/JO/901,false,,,,Rhynd,false,Moved,jhm,2001-10-04T10:26:13,LEM,2002-10-28T13:00:12
IM/JO/262,JO,262,T/JO/830,false,,,Tolbooth,Eyemouth,false,Released,jhm,2001-10-04T10:56:35,LEM,2002-10-28T12:59:43
IM/JO/263,JO,263,T/JO/905,false,,,,Eyemouth,false,Released,jhm,2001-10-04T11:38:45,jhm,2002-10-11T16:56:15
IM/JO/264,JO,264,T/JO/939,false,,,,,false,,jhm,2001-10-09T10:42:19,LEM,2002-10-28T13:03:27
IM/JO/265,JO,265,T/JO/940,false,,,,,false,,jhm,2001-10-09T10:46:51,LEM,2002-10-28T13:03:14
IM/JO/266,JO,266,T/JO/941,false,,,,,false,,jhm,2001-10-09T10:50:46,LEM,2002-10-28T13:03:03
IM/JO/267,JO,267,T/JO/942,false,,,,,false,,jhm,2001-10-09T10:54:25,LEM,2002-10-28T13:02:49
IM/JO/268,JO,268,T/JO/943,false,5/1662,1962-05-01T00:00:00,,,false,,jhm,2001-10-09T10:58:43,jhm,2001-10-09T10:58:47
IM/JO/269,JO,269,T/JO/944,false,,,,,false,,jhm,2001-10-09T11:51:06,LEM,2002-10-28T13:01:37
IM/JO/27,JO,27,T/JO/108,false,,,,Haddington,false,,jhm,2001-06-15T09:39:57,LEM,2002-10-28T12:54:11
IM/JO/270,JO,270,T/JO/945,false,,,,,false,,jhm,2001-10-09T11:56:33,LEM,2002-10-28T13:02:08
IM/JO/271,JO,271,T/JO/946,false,,,,,false,,jhm,2001-10-09T12:00:15,LEM,2002-10-28T13:01:52
IM/JO/272,JO,272,T/JO/947,false,,,,,false,,jhm,2001-10-09T12:06:32,jhm,2002-10-18T11:42:34
IM/JO/273,JO,273,T/JO/951,false,,,,Lauder,false,,jhm,2001-10-09T13:03:55,LEM,2002-10-28T13:04:29
IM/JO/274,JO,274,T/JO/952,false,,,,Lauder,false,,jhm,2001-10-09T13:15:05,LEM,2002-10-28T13:04:55
IM/JO/275,JO,275,T/JO/953,false,,,,Lauder,false,,jhm,2001-10-09T13:28:09,LEM,2002-10-28T13:04:43
IM/JO/276,JO,276,T/JO/957,true,,,,Edinburgh,false,,jhm,2001-10-09T15:32:34,LEM,2002-10-28T13:04:13
IM/JO/277,JO,277,T/JO/957,false,,,Tolbooth,Auchtermuchty,true,Moved,jhm,2001-10-09T15:32:49,LEM,2002-10-28T13:04:10
IM/JO/278,JO,278,T/JO/958,false,,,Tolbooth,Jedburgh,false,,jhm,2001-10-09T15:45:00,jhm,2002-10-11T16:56:32
IM/JO/279,JO,279,T/JO/969,false,10/1/1662,1962-01-10T00:00:00,,Montrose,true,Moved,jhm,2001-10-11T09:18:01,jhm,2001-10-11T09:18:41
IM/JO/28,JO,28,T/JO/109,false,,,,Haddington,false,,jhm,2001-06-15T09:52:51,jhm,2002-10-11T16:41:52
IM/JO/280,JO,280,T/JO/969,false,16/9/1662,1962-09-16T00:00:00,,Forfar,false,Released,jhm,2001-10-11T09:18:41,jhm,2001-10-11T09:19:21
IM/JO/281,JO,281,T/JO/970,false,10/1/1662,1962-01-10T00:00:00,,Montrose,true,Moved,jhm,2001-10-11T09:30:04,jhm,2001-10-11T09:30:18
IM/JO/282,JO,282,T/JO/970,false,16/9/1662,1962-09-16T00:00:00,,Forfar,false,Released,jhm,2001-10-11T09:30:18,jhm,2001-10-11T09:30:30
IM/JO/283,JO,283,T/JO/984,false,7/1662,1962-07-01T00:00:00,Tolbooth,Inverness,false,,jhm,2001-10-11T12:59:44,jhm,2001-10-11T13:00:01
IM/JO/284,JO,284,T/JO/986,false,,,House,Comer,false,,jhm,2001-10-11T13:19:36,jhm,2002-10-18T11:00:53
IM/JO/285,JO,285,T/JO/987,false,,,House,Comer,false,,jhm,2001-10-11T13:35:38,jhm,2002-10-18T11:00:48
IM/JO/286,JO,286,T/JO/988,false,6/1662,1962-06-01T00:00:00,,,false,,jhm,2001-10-11T14:41:21,jhm,2001-10-11T14:41:26
IM/JO/287,JO,287,T/JO/989,false,,,House,Comer,false,,jhm,2001-10-11T14:48:41,jhm,2002-10-18T11:00:09
IM/JO/288,JO,288,T/JO/990,false,,,House,Comer,false,,jhm,2001-10-11T14:56:15,jhm,2002-10-18T11:00:26
IM/JO/289,JO,289,T/JO/991,false,,,House,Comer,false,,jhm,2001-10-11T15:05:18,jhm,2002-10-18T10:59:52
IM/JO/29,JO,29,T/JO/111,false,,,,Haddington,false,,jhm,2001-06-15T10:00:49,jhm,2002-10-11T16:42:09
IM/JO/290,JO,290,T/JO/992,false,,,House,Comer,false,,jhm,2001-10-11T15:12:39,jhm,2002-10-18T10:59:33
IM/JO/291,JO,291,T/JO/993,false,,,House,Comer,false,,jhm,2001-10-11T15:19:36,jhm,2002-10-18T10:58:55
IM/JO/292,JO,292,T/JO/994,false,,,House,Comer,false,,jhm,2001-10-11T15:27:01,jhm,2002-10-18T10:58:17
IM/JO/293,JO,293,T/JO/996,false,,,House,Comer,false,,jhm,2001-10-11T15:39:19,jhm,2002-10-18T10:57:52
IM/JO/294,JO,294,T/JO/998,false,,,House,Comer,false,,jhm,2001-10-11T15:53:50,jhm,2002-10-18T10:56:54
IM/JO/295,JO,295,T/JO/999,false,,,House,Comer,false,,jhm,2001-10-11T16:01:10,jhm,2002-10-11T16:56:41
IM/JO/296,JO,296,T/JO/1007,false,8/1662,1962-08-01T00:00:00,,,false,,jhm,2001-10-18T15:03:43,jhm,2001-10-18T15:03:48
IM/JO/297,JO,297,T/JO/1008,false,8/1662,1962-08-01T00:00:00,,,false,,jhm,2001-10-18T15:08:05,jhm,2001-10-18T15:08:08
IM/JO/298,JO,298,T/JO/1009,false,8/1662,1962-08-01T00:00:00,,,false,,jhm,2001-10-18T15:11:24,jhm,2001-10-18T15:11:28
IM/JO/299,JO,299,T/JO/1010,false,8/1662,1962-08-01T00:00:00,,,false,,jhm,2001-10-18T15:15:00,jhm,2001-10-18T15:15:03
IM/JO/30,JO,30,T/JO/112,false,,,,Haddington,false,,jhm,2001-06-15T10:06:17,jhm,2002-10-11T16:42:14
IM/JO/300,JO,300,T/JO/1011,false,8/1662,1962-08-01T00:00:00,,,false,,jhm,2001-10-18T15:18:35,jhm,2001-10-18T15:18:39
IM/JO/301,JO,301,T/JO/1012,false,8/1662,1962-08-01T00:00:00,,,false,,jhm,2001-10-18T15:21:47,jhm,2001-10-18T15:21:51
IM/JO/302,JO,302,T/JO/1017,false,,,Wardhouse,Forfar,false,Released,jhm,2001-10-18T16:25:18,jhm,2002-11-13T12:23:03
IM/JO/303,JO,303,T/JO/769,false,1664,1964-06-01T00:00:00,,Stirling,false,Moved,jhm,2001-10-19T09:20:41,jhm,2001-10-19T09:21:01
IM/JO/304,JO,304,T/JO/1019,false,,,Tolbooth,Paisley,false,,jhm,2001-10-19T09:43:00,jhm,2002-10-21T16:49:51
IM/JO/305,JO,305,T/JO/1020,false,,,,Lauder,false,Released,jhm,2001-10-19T09:55:44,jhm,2002-10-11T16:57:19
IM/JO/308,JO,308,T/JO/1073,false,,,Tolbooth,Canongate,false,,jhm,2001-10-22T13:29:07,jhm,2002-10-11T16:57:24
IM/JO/309,JO,309,T/JO/1075,false,8/1661,1961-08-01T00:00:00,Tolbooth,Forfar,false,,jhm,2001-10-22T15:01:11,jhm,2001-10-22T15:01:20
IM/JO/31,JO,31,T/JO/113,false,,,,Haddington,false,,jhm,2001-06-15T10:10:57,jhm,2002-10-11T16:42:43
IM/JO/310,JO,310,T/JO/1076,false,8/1661,1961-08-01T00:00:00,Tolbooth,Forfar,false,,jhm,2001-10-22T15:05:48,jhm,2001-10-22T15:05:59
IM/JO/311,JO,311,T/JO/1077,false,29/1/1706,2006-01-29T00:00:00,Tolbooth,Wigtown,false,Escaped,jhm,2001-10-23T10:45:05,jhm,2001-10-23T10:45:26
IM/JO/318,JO,318,T/JO/1111,false,8/1646,2046-08-01T00:00:00,,,false,Released,jhm,2001-11-27T09:59:08,jhm,2001-11-27T10:01:09
IM/JO/319,JO,319,T/JO/1113,false,22/11/1649,2049-11-22T00:00:00,Tolbooth,Lanark,false,Released,jhm,2001-11-27T12:24:27,jhm,2002-10-18T11:50:00
IM/JO/32,JO,32,T/JO/114,false,,,,Haddington,false,,jhm,2001-06-15T10:15:41,jhm,2002-10-11T16:42:47
IM/JO/320,JO,320,T/JO/1114,false,,,Tolbooth,Lanark,false,Released,jhm,2001-11-27T12:46:27,LEM,2002-10-28T13:09:27
IM/JO/321,JO,321,T/JO/1115,false,22/11/1649,2049-11-22T00:00:00,Tolbooth,Lanark,false,,jhm,2001-11-27T13:14:08,jhm,2002-10-18T11:50:48
IM/JO/322,JO,322,T/JO/1116,false,22/11/1649,2049-11-22T00:00:00,Tolbooth,Lanark,false,Released,jhm,2001-11-27T13:23:53,jhm,2002-10-18T11:50:32
IM/JO/323,JO,323,T/JO/1117,false,22/11/1649,2049-11-22T00:00:00,Tolbooth,Lanark,false,Released,jhm,2001-11-27T13:36:23,jhm,2002-10-18T11:50:15
IM/JO/324,JO,324,T/JO/1118,false,22/11/1649,2049-11-22T00:00:00,Tolbooth,Lanark,false,Released,jhm,2001-11-27T14:00:52,jhm,2002-10-18T11:49:36
IM/JO/325,JO,325,T/JO/1119,false,,,Tolbooth,Lanark,false,Released,jhm,2001-11-27T15:11:05,jhm,2002-10-21T13:29:55
IM/JO/326,JO,326,T/JO/1120,false,,,Tolbooth,Lanark,false,,jhm,2001-11-27T15:24:06,LEM,2002-10-28T13:10:35
IM/JO/327,JO,327,T/JO/1121,false,22/11/1649,2049-11-22T00:00:00,Tolbooth,Lanark,false,Released,jhm,2001-11-27T15:32:17,jhm,2002-10-18T10:53:27
IM/JO/328,JO,328,T/JO/1122,false,22/11/1649,2049-11-22T00:00:00,Tolbooth,Lanark,false,Released,jhm,2001-11-27T15:41:25,jhm,2002-10-18T10:53:41
IM/JO/329,JO,329,T/JO/1123,false,22/11/1649,2049-11-22T00:00:00,Tolbooth,Lanark,false,Released,jhm,2001-11-27T15:50:59,jhm,2002-10-18T10:54:01
IM/JO/33,JO,33,T/JO/115,false,,,,Haddington,false,,jhm,2001-06-15T10:22:15,jhm,2002-10-11T16:43:04
IM/JO/330,JO,330,T/JO/1125,false,9/1649,2049-09-01T00:00:00,,Renfrew,false,,jhm,2001-12-04T09:34:06,jhm,2001-12-04T09:34:15
IM/JO/331,JO,331,T/JO/1126,false,9/1649,2049-09-01T00:00:00,,Renfrew,false,,jhm,2001-12-04T09:42:26,jhm,2001-12-04T09:43:24
IM/JO/332,JO,332,T/JO/1127,false,9/1649,2049-09-01T00:00:00,,Renfrew,false,,jhm,2001-12-04T09:45:01,jhm,2001-12-04T09:45:40
IM/JO/333,JO,333,T/JO/1128,false,9/1649,2049-09-01T00:00:00,,Renfrew,false,,jhm,2001-12-04T09:47:49,jhm,2001-12-04T09:51:40
IM/JO/334,JO,334,T/JO/1132,false,2/1697,1997-02-01T00:00:00,House,,true,,jhm,2001-12-04T14:45:11,jhm,2001-12-04T14:45:25
IM/JO/335,JO,335,T/JO/1133,false,2/1697,1997-02-01T00:00:00,House,,true,,jhm,2001-12-04T15:00:57,jhm,2001-12-04T15:01:07
IM/JO/336,JO,336,T/JO/1134,false,,,House,,true,,jhm,2001-12-04T15:09:13,jhm,2002-10-18T10:51:08
IM/JO/337,JO,337,T/JO/1168,false,2/1696,1996-02-01T00:00:00,,Greenock,false,,jhm,2001-12-06T14:40:08,jhm,2001-12-06T14:41:44
IM/JO/338,JO,338,T/JO/1169,false,,,,Balliemore,false,,jhm,2002-01-14T09:49:17,jhm,2002-10-18T10:50:51
IM/JO/339,JO,339,T/JO/1173,false,4/1649,2049-04-01T00:00:00,,Inverkeithing,false,,jhm,2002-01-16T12:52:41,jhm,2002-01-16T12:54:13
IM/JO/34,JO,34,T/JO/116,false,,,,Haddington,false,,jhm,2001-06-15T10:28:12,jhm,2002-10-11T16:43:25
IM/JO/340,JO,340,T/JO/1174,false,4/1649,2049-04-01T00:00:00,,Inverkeithing,false,,jhm,2002-01-16T13:07:52,jhm,2002-01-16T13:08:42
IM/JO/341,JO,341,T/JO/1175,false,4/1649,2049-04-01T00:00:00,,Inverkeithing,false,,jhm,2002-01-16T13:13:11,jhm,2002-01-16T13:13:18
IM/JO/342,JO,342,T/JO/1177,false,8/1661,1961-08-01T00:00:00,,Aberdour,false,,jhm,2002-01-16T15:18:17,jhm,2002-01-16T15:18:31
IM/JO/343,JO,343,T/JO/1178,false,,,,Aberdour,false,,jhm,2002-01-16T15:36:19,jhm,2002-10-18T10:50:35
IM/JO/344,JO,344,T/JO/1179,false,,,,Aberdour,false,,jhm,2002-01-16T15:41:22,jhm,2002-10-18T10:50:31
IM/JO/345,JO,345,T/JO/1185,false,9/1638,2038-09-01T00:00:00,Steeple,Dysart,false,Released,jhm,2002-01-17T15:14:07,jhm,2002-01-17T15:17:13
IM/JO/346,JO,346,T/JO/1183,false,10/1638,2038-10-01T00:00:00,,Dysart,false,,jhm,2002-01-17T15:26:37,jhm,2002-01-17T15:26:55
IM/JO/347,JO,347,T/JO/1184,false,10/1638,2038-10-01T00:00:00,,Dysart,false,,jhm,2002-01-17T15:27:08,jhm,2002-01-17T15:27:15
IM/JO/348,JO,348,T/JO/1186,false,1/1639,2039-01-01T00:00:00,,Wemyss,false,,jhm,2002-01-17T15:40:04,jhm,2002-01-17T15:40:10
IM/JO/349,JO,349,T/JO/1188,false,9/1642,2042-09-01T00:00:00,Steeple,Dysart,false,Released,jhm,2002-01-22T10:11:23,jhm,2002-01-22T10:11:41
IM/JO/35,JO,35,T/JO/117,false,,,,Haddington,false,,jhm,2001-06-15T10:32:21,jhm,2002-10-11T16:43:41
IM/JO/350,JO,350,T/LA/1077,false,,,,Dysart,false,Released,jhm,2002-01-22T12:40:08,LEM,2002-10-28T12:51:24
IM/JO/351,JO,351,T/JO/1206,false,12/1649,2049-12-01T00:00:00,,Brechin,false,,jhm,2002-02-07T10:25:39,jhm,2002-02-07T10:25:50
IM/JO/352,JO,352,T/JO/1208,false,4/1650,1950-04-01T00:00:00,Steeple,Brechin,false,,jhm,2002-02-07T14:16:10,jhm,2002-02-14T10:47:06
IM/JO/353,JO,353,T/JO/1209,false,,,,Montrose,false,,jhm,2002-02-07T15:10:24,jhm,2002-10-18T10:49:59
IM/JO/354,JO,354,T/JO/1212,false,9/1659,1959-09-01T00:00:00,,Montrose,false,,jhm,2002-02-14T12:09:32,jhm,2002-10-29T10:51:33
IM/JO/36,JO,36,T/JO/118,false,,,,Haddington,false,,jhm,2001-06-15T10:36:49,jhm,2002-10-11T16:43:58
IM/JO/37,JO,37,T/JO/126,false,15/8/1649,2049-08-15T00:00:00,,Humbie,false,,jhm,2001-06-15T12:47:08,jhm,2001-06-15T12:47:17
IM/JO/38,JO,38,T/JO/127,false,15/8/1649,2049-08-15T00:00:00,,Humbie,false,,jhm,2001-06-15T12:51:19,jhm,2001-06-15T12:51:31
IM/JO/389,JO,389,T/LA/497,false,,,Steeple,,false,Released,jhm,2002-02-19T10:11:35,LEM,2002-10-28T12:43:38
IM/JO/39,JO,39,T/JO/128,false,15/8/1649,2049-08-15T00:00:00,,Humbie,false,,jhm,2001-06-15T12:58:10,jhm,2001-06-15T12:58:24
IM/JO/390,JO,390,T/LA/497,false,,,Tolbooth,Perth,false,Released,jhm,2002-02-19T10:14:51,LEM,2002-10-28T12:43:40
IM/JO/391,JO,391,T/LA/497,false,,,,,false,,jhm,2002-02-19T10:18:44,LEM,2002-10-28T12:43:42
IM/JO/392,JO,392,T/JO/1265,false,11/1646,2046-11-01T00:00:00,,Elgin,false,Escaped,jhm,2002-03-27T10:44:16,jhm,2002-03-27T10:44:29
IM/JO/393,JO,393,T/JO/1266,false,9/1636,2036-09-01T00:00:00,,Aberdeen,false,Escaped,jhm,2002-03-28T11:04:28,jhm,2002-03-28T11:04:41
IM/JO/394,JO,394,T/JO/1271,false,3/1719,2019-03-01T00:00:00,,Thurso,false,,jhm,2002-04-17T09:22:08,jhm,2002-04-17T09:22:23
IM/JO/395,JO,395,T/JO/1272,false,3/1719,2019-03-01T00:00:00,,Thurso,false,,jhm,2002-04-17T09:32:21,jhm,2002-04-17T09:32:31
IM/JO/396,JO,396,T/JO/1273,false,3/1719,2019-03-01T00:00:00,,Thurso,false,,jhm,2002-04-17T09:37:35,jhm,2002-04-17T09:37:42
IM/JO/397,JO,397,T/JO/1274,false,3/1719,2019-03-01T00:00:00,,Thurso,false,,jhm,2002-04-17T09:41:22,jhm,2002-04-17T09:41:29
IM/JO/398,JO,398,T/JO/1275,false,3/1719,2019-03-01T00:00:00,,Thurso,false,,jhm,2002-04-17T09:44:47,jhm,2002-04-17T09:44:52
IM/JO/399,JO,399,T/JO/1276,false,3/1719,2019-03-01T00:00:00,,Thurso,false,,jhm,2002-04-17T09:48:22,jhm,2002-04-17T09:48:30
IM/JO/40,JO,40,T/JO/129,false,15/8/1649,2049-08-15T00:00:00,,Humbie,false,,jhm,2001-06-15T13:02:06,jhm,2001-06-15T13:02:14
IM/JO/400,JO,400,T/JO/1289,false,,,,Dumfries,false,Released,jhm,2002-05-01T16:19:50,jhm,2002-10-18T10:49:40
IM/JO/402,JO,402,T/JO/1298,false,1/1598,1998-01-01T00:00:00,,Aberdeen,false,,jhm,2002-05-09T12:04:24,jhm,2002-05-09T12:06:51
IM/JO/403,JO,403,T/JO/1300,false,1/1597,1997-01-01T00:00:00,,Slains,false,Moved,jhm,2002-05-09T13:02:29,jhm,2002-05-09T13:07:01
IM/JO/404,JO,404,T/JO/1300,false,4/1597,1997-04-01T00:00:00,,Aberdeen,false,,jhm,2002-05-09T13:07:02,jhm,2002-05-09T13:07:33
IM/JO/405,JO,405,T/JO/1306,false,11/1597,1997-11-01T00:00:00,,Aberdeen,false,Released,jhm,2002-05-13T12:25:59,jhm,2002-05-13T12:26:13
IM/JO/406,JO,406,T/JO/1307,false,1596,1996-06-01T00:00:00,Castle,Slains,false,Released,jhm,2002-05-14T11:11:02,jhm,2002-05-14T11:11:26
IM/JO/409,JO,409,T/JO/1405,false,,,,Kirkwall,false,,jhm,2002-06-17T15:13:55,jhm,2002-10-18T10:48:53
IM/JO/41,JO,41,T/JO/130,false,,,,Humbie,false,,jhm,2001-06-15T13:05:46,jhm,2002-10-11T16:44:34
IM/JO/410,JO,410,T/JO/1406,false,,,,Kirwall,false,,jhm,2002-06-17T15:19:26,jhm,2002-10-18T10:48:34
IM/JO/411,JO,411,T/JO/1407,false,,,,Kirkwall,false,,jhm,2002-06-17T15:21:53,jhm,2002-10-18T10:48:28
IM/JO/412,JO,412,T/JO/1408,false,,,,Kirkwall,false,,jhm,2002-06-17T15:24:10,jhm,2002-10-18T10:47:53
IM/JO/413,JO,413,T/JO/1411,false,,,,Kirkwall,false,,jhm,2002-06-17T15:55:42,jhm,2002-10-18T10:47:17
IM/JO/414,JO,414,T/JO/1435,false,,,Tolbooth,Stirling,false,,jhm,2002-06-27T14:56:16,jhm,2002-10-18T10:46:59
IM/JO/415,JO,415,T/JO/1446,false,,,,Dysart,false,,jhm,2002-07-02T09:19:12,LEM,2002-10-28T13:10:54
IM/JO/416,JO,416,T/JO/1450,false,,,,Dysart,false,,jhm,2002-07-02T09:36:21,LEM,2002-10-28T13:11:11
IM/JO/417,JO,417,T/JO/1452,false,,,,Dysart,false,,jhm,2002-07-02T09:46:32,LEM,2002-10-28T13:11:35
IM/JO/418,JO,418,T/JO/1456,false,7/8/1649,2049-08-07T00:00:00,,Dysart,false,,jhm,2002-07-02T10:00:17,jhm,2002-07-02T10:00:27
IM/JO/419,JO,419,T/JO/1457,false,,,,Dysart,false,,jhm,2002-07-02T10:13:15,LEM,2002-10-28T13:11:53
IM/JO/42,JO,42,T/JO/132,false,15/8/1649,2049-08-15T00:00:00,,Humbie,false,,jhm,2001-06-15T13:37:14,jhm,2001-06-15T13:37:21
IM/JO/420,JO,420,T/JO/1458,false,,,,Dysart,false,,jhm,2002-07-02T10:18:12,jhm,2002-10-18T10:43:56
IM/JO/421,JO,421,T/JO/1459,false,,,,Dysart,false,,jhm,2002-07-02T10:23:51,jhm,2002-10-18T10:43:37
IM/JO/422,JO,422,T/JO/1461,false,,,,Lauder,false,,jhm,2002-07-02T15:37:13,jhm,2002-10-18T10:43:15
IM/JO/424,JO,424,T/JO/1463,false,,,,Stirling,false,,jhm,2002-07-03T11:00:44,jhm,2002-10-18T10:42:53
IM/JO/425,JO,425,T/JO/1464,false,,,,Stirling,false,,jhm,2002-07-03T11:04:39,jhm,2002-10-18T10:42:35
IM/JO/426,JO,426,T/JO/1471,false,5/1658,1958-05-01T00:00:00,,Alloa,false,,jhm,2002-07-04T11:21:42,jhm,2002-07-04T11:26:25
IM/JO/427,JO,427,T/LA/1296,false,6/1658,1958-06-01T00:00:00,,Alloa,false,,jhm,2002-07-04T12:25:24,jhm,2002-07-04T12:25:36
IM/JO/428,JO,428,T/LA/1295,false,6/1658,1958-06-01T00:00:00,,Alloa,false,,jhm,2002-07-04T13:43:27,jhm,2002-07-04T13:43:37
IM/JO/429,JO,429,T/LA/1294,false,6/1658,1958-06-01T00:00:00,,Alloa,false,,jhm,2002-07-04T14:04:09,jhm,2002-07-04T14:04:18
IM/JO/43,JO,43,T/JO/133,false,,,,Haddington,false,,jhm,2001-06-18T09:17:24,jhm,2002-10-11T16:45:08
IM/JO/430,JO,430,T/JO/1487,false,6/1658,1958-06-01T00:00:00,,Alloa,false,,jhm,2002-07-04T15:14:05,jhm,2002-07-04T15:14:13
IM/JO/431,JO,431,T/JO/1497,false,4/1597,1997-04-01T00:00:00,Tolbooth,Aberdeen,false,,jhm,2002-07-09T12:03:10,jhm,2002-07-09T12:03:23
IM/JO/432,JO,432,T/JO/1514,false,,,,Corstorphine,false,Died,jhm,2002-07-11T10:28:44,LEM,2002-10-28T13:07:36
IM/JO/433,JO,433,T/JO/1515,false,6/1649,2049-06-01T00:00:00,,Corstorphine,false,,jhm,2002-07-11T11:06:41,jhm,2002-07-11T11:07:00
IM/JO/434,JO,434,T/JO/1532,false,,,,Corstorphine,false,,jhm,2002-07-11T13:41:46,LEM,2002-10-28T13:05:32
IM/JO/435,JO,435,T/JO/1534,false,9/1649,2049-09-01T00:00:00,,Corstorphine,false,,jhm,2002-07-11T15:05:27,jhm,2002-07-11T15:05:38
IM/JO/436,JO,436,T/JO/1535,false,,,,Dunfermline,false,,jhm,2002-07-11T16:02:29,LEM,2002-10-28T13:07:57
IM/JO/437,JO,437,T/JO/1536,false,12/1649,2049-12-01T00:00:00,,Dunfermline,false,,jhm,2002-07-11T16:13:15,jhm,2002-07-11T16:13:23
IM/JO/438,JO,438,T/JO/1537,false,1649,2049-06-01T00:00:00,,Dunfermline,false,,jhm,2002-07-11T16:15:57,jhm,2002-07-11T16:16:50
IM/JO/439,JO,439,T/JO/1317,false,,,Tolbooth,Aberdeen,false,,jhm,2002-07-18T12:32:11,jhm,2002-10-18T10:49:16
IM/JO/44,JO,44,T/JO/134,false,,,,Haddington,false,,jhm,2001-06-18T09:23:08,jhm,2002-10-11T16:45:27
IM/JO/45,JO,45,T/JO/138,false,10/1649,2049-10-01T00:00:00,Tolbooth,Stenton,false,Escaped,jhm,2001-06-18T10:01:18,jhm,2001-06-18T10:01:43
IM/JO/451,JO,451,T/JO/1641,false,,,,,false,Released,jhm,2002-07-22T14:27:13,jhm,2002-10-18T10:42:14
IM/JO/452,JO,452,T/JO/1642,false,,,,,false,,jhm,2002-07-22T14:31:53,jhm,2002-10-18T10:41:54
IM/JO/453,JO,453,T/JO/1643,false,,,,,false,,jhm,2002-07-22T14:36:25,jhm,2002-10-18T10:41:49
IM/JO/454,JO,454,T/JO/1644,false,,,,,false,,jhm,2002-07-22T14:40:53,jhm,2002-10-18T10:41:32
IM/JO/455,JO,455,T/JO/1645,false,,,,,false,,jhm,2002-07-22T14:45:49,jhm,2002-10-18T10:41:14
IM/JO/456,JO,456,T/JO/1646,false,,,,,false,,jhm,2002-07-22T14:49:09,jhm,2002-10-18T10:40:44
IM/JO/457,JO,457,T/JO/1647,false,,,,,false,,jhm,2002-07-22T14:51:44,jhm,2002-10-18T10:40:27
IM/JO/458,JO,458,T/JO/1648,false,,,,,false,,jhm,2002-07-22T14:54:54,jhm,2002-10-18T10:40:08
IM/JO/459,JO,459,T/JO/1649,false,12/1649,2049-12-01T00:00:00,,,false,,jhm,2002-07-22T14:57:28,jhm,2002-07-22T14:57:32
IM/JO/46,JO,46,T/JO/146,false,,,,Haddington,false,,jhm,2001-06-18T12:11:03,jhm,2002-10-11T16:46:35
IM/JO/460,JO,460,T/JO/1650,false,,,,,false,,jhm,2002-07-22T15:01:30,jhm,2002-10-18T10:39:25
IM/JO/461,JO,461,T/JO/1651,false,,,,,false,,jhm,2002-07-22T15:07:34,jhm,2002-10-18T10:39:08
IM/JO/462,JO,462,T/LA/1028,false,,,,Burntisland,false,,jhm,2002-07-23T10:31:35,LEM,2002-10-28T12:56:05
IM/JO/463,JO,463,T/JO/1661,false,,,Tolbooth,Inveresk,false,,jhm,2002-07-23T16:12:24,jhm,2002-10-18T10:39:03
IM/JO/464,JO,464,T/JO/1662,false,11/1661,1961-11-01T00:00:00,Tolbooth,Inveresk,false,,jhm,2002-07-23T16:18:00,jhm,2002-07-24T09:30:44
IM/JO/465,JO,465,T/JO/1663,false,,,,Newbattle,false,,jhm,2002-07-24T10:53:30,LEM,2002-10-28T14:15:05
IM/JO/466,JO,466,T/JO/1666,false,,,,Newbattle,false,,jhm,2002-07-24T12:02:44,jhm,2002-10-18T10:37:57
IM/JO/467,JO,467,T/JO/1667,false,,,,Newbattle,false,,jhm,2002-07-24T12:05:49,jhm,2002-10-18T10:37:34
IM/JO/468,JO,468,T/JO/1674,true,19/6/1649,2049-06-19T00:00:00,Tolbooth,Edinburgh,false,,jhm,2002-07-30T14:18:48,jhm,2002-07-30T14:19:01
IM/JO/469,JO,469,T/JO/1688,false,2/1598,1998-02-01T00:00:00,House,Lathetker,false,,jhm,2002-08-02T11:15:10,jhm,2002-08-02T11:15:28
IM/JO/47,JO,47,T/JO/147,false,,,,Haddington,false,,jhm,2001-06-18T12:14:41,jhm,2002-10-11T16:46:51
IM/JO/470,JO,470,T/JO/1694,false,7/1675,1975-07-01T00:00:00,,Crail,false,Died,jhm,2002-08-02T14:11:44,jhm,2002-08-02T14:11:58
IM/JO/471,JO,471,T/JO/1695,false,6/1704,2004-06-01T00:00:00,,Pittenweem,false,,jhm,2002-08-02T15:04:34,jhm,2002-08-02T15:04:43
IM/JO/472,JO,472,T/JO/1696,false,6/1704,2004-06-01T00:00:00,,Pittenweem,false,,jhm,2002-08-02T15:09:26,jhm,2002-08-02T15:09:33
IM/JO/473,JO,473,T/JO/1697,false,6/1704,2004-06-01T00:00:00,,Pittenweem,false,,jhm,2002-08-02T15:14:15,jhm,2002-08-02T15:14:21
IM/JO/474,JO,474,T/JO/1698,false,6/1704,2004-06-01T00:00:00,,Pittenweem,false,,jhm,2002-08-02T15:18:27,jhm,2002-08-02T15:18:33
IM/JO/475,JO,475,T/JO/1699,false,,,,Pittenweem,false,,jhm,2002-08-02T15:27:46,jhm,2002-10-18T10:55:04
IM/JO/476,JO,476,T/JO/1712,false,,,Tolbooth,Haddington,false,,jhm,2002-08-07T15:24:12,LEM,2002-10-28T13:06:54
IM/JO/477,JO,477,T/JO/1713,false,,,Tolbooth,Haddington,false,,jhm,2002-08-07T15:37:56,LEM,2002-10-28T13:09:06
IM/JO/48,JO,48,T/JO/148,false,,,,Haddington,false,Released,jhm,2001-06-18T12:19:06,jhm,2002-10-11T16:47:13
IM/JO/480,JO,480,T/JO/1789,false,,,Tolbooth,Haddington,false,,jhm,2002-08-07T16:09:31,LEM,2002-10-28T13:07:07
IM/JO/481,JO,481,T/JO/1790,false,,,Tolbooth,Haddington,false,,jhm,2002-08-07T16:15:27,LEM,2002-10-28T13:07:25
IM/JO/482,JO,482,T/JO/1791,false,,,Tolbooth,Haddington,false,,jhm,2002-08-07T16:21:17,LEM,2002-10-28T13:08:42
IM/JO/483,JO,483,T/JO/1813,false,5/1661,1961-05-01T00:00:00,,Haddington,false,,jhm,2002-08-20T10:57:50,jhm,2002-08-20T10:58:01
IM/JO/484,JO,484,T/JO/1812,false,5/1661,1961-05-01T00:00:00,,Haddington,false,,jhm,2002-08-20T10:58:54,jhm,2002-08-20T10:59:15
IM/JO/485,JO,485,T/JO/1814,false,,,,Haddington,false,,jhm,2002-08-20T11:08:35,LEM,2002-10-28T12:57:13
IM/JO/486,JO,486,T/JO/1815,false,,,,Haddington,false,,jhm,2002-08-20T11:14:40,LEM,2002-10-28T12:56:45
IM/JO/487,JO,487,T/JO/1816,false,,,,Haddington,false,,jhm,2002-08-20T11:30:19,LEM,2002-10-28T12:56:31
IM/JO/488,JO,488,T/JO/1817,false,,,,Haddington,false,,jhm,2002-08-20T11:37:54,LEM,2002-10-28T12:57:26
IM/JO/489,JO,489,T/JO/1838,false,5/1650,1950-05-01T00:00:00,,,false,,jhm,2002-08-21T09:53:22,jhm,2002-08-21T09:54:31
IM/JO/49,JO,49,T/JO/149,false,,,,Haddington,false,,jhm,2001-06-18T12:22:07,jhm,2002-10-11T16:47:33
IM/JO/490,JO,490,T/LA/784,false,,,Tolbooth,Glasgow,false,,jhm,2002-08-26T14:53:00,LEM,2002-10-28T12:47:30
IM/JO/491,JO,491,T/JO/1876,false,13/6/1649,2049-06-13T00:00:00,Castle,Dirleton,false,,jhm,2002-08-26T15:24:54,jhm,2002-08-26T15:25:05
IM/JO/492,JO,492,T/JO/1879,false,,,,Rothesay,false,,jhm,2002-08-27T09:12:00,LEM,2002-10-28T13:03:52
IM/JO/493,JO,493,T/JO/1880,false,,,,Bute,false,,jhm,2002-08-27T10:25:42,LEM,2002-10-28T13:03:39
IM/JO/494,JO,494,T/JO/1884,false,18/1/1662,1962-01-18T00:00:00,Tolbooth,Rothesay,false,,jhm,2002-08-28T09:49:19,jhm,2002-08-28T09:49:55
IM/JO/50,JO,50,T/JO/150,false,,,,Aberlady,false,,jhm,2001-06-18T13:13:01,jhm,2002-10-11T16:47:39
IM/JO/503,JO,503,T/JO/81,false,1630,2030-06-01T00:00:00,Tolbooth,Haddington,false,,jhm,2002-10-02T12:13:23,jhm,2002-10-02T12:13:43
IM/JO/504,JO,504,T/LA/99,false,1/7/1630,2030-07-01T00:00:00,,Edinburgh,false,Released,jhm,2002-10-03T09:59:42,jhm,2002-10-03T10:00:08
IM/JO/505,JO,505,T/LA/172,false,14/4/1591,1991-04-14T00:00:00,Castle,Edinburgh,false,Escaped,jhm,2002-10-03T10:22:54,jhm,2002-10-03T10:23:05
IM/JO/506,JO,506,T/LA/799,true,2/11/1630,2030-11-02T00:00:00,,Edinburgh,false,,jhm,2002-10-03T10:54:25,jhm,2002-10-03T10:54:36
IM/JO/507,JO,507,T/LA/810,false,,,,Leith,false,Released,jhm,2002-10-03T11:22:15,LEM,2002-10-28T12:49:00
IM/JO/508,JO,508,T/LA/1076,false,,,Tolbooth,Canongate,false,Released,jhm,2002-10-03T12:36:15,LEM,2002-10-28T12:51:04
IM/JO/509,JO,509,T/LA/1015,false,2/7/1649,2049-07-02T00:00:00,Tolbooth,Eyemouth,false,,jhm,2002-10-03T14:56:30,jhm,2002-10-03T14:56:53
IM/JO/51,JO,51,T/JO/191,false,,,,North Berwick,false,,jhm,2001-06-19T11:58:30,jhm,2002-10-11T16:47:59
IM/JO/510,JO,510,T/LA/1023,false,13/7/1649,2049-07-13T00:00:00,Tolbooth,Haddington,false,,jhm,2002-10-03T15:22:46,jhm,2002-10-03T15:22:55
IM/JO/511,JO,511,T/LA/1250,false,,,,,false,Released,jhm,2002-10-11T16:14:27,jhm,2002-10-11T16:14:41
IM/JO/512,JO,512,T/JO/995,false,,,House,Comer,false,,jhm,2002-10-21T15:57:43,jhm,2002-10-21T15:57:48
IM/JO/52,JO,52,T/JO/192,false,,,,North Berwick,false,,jhm,2001-06-19T12:02:39,jhm,2002-10-11T16:48:15
IM/JO/53,JO,53,T/JO/205,false,1662,1962-06-01T00:00:00,Tolbooth,Rothesay,false,Escaped,jhm,2001-06-27T12:16:37,jhm,2001-06-27T12:17:05
IM/JO/8,JO,8,T/JO/3,false,,,Tolbooth,Aberdeen,false,,jhm,2001-06-05T12:17:38,jhm,2001-06-05T12:18:02
IM/JO/89,JO,89,T/JO/308,true,,,Tolbooth,Edinburgh,true,Moved,jhm,2001-07-03T10:41:19,jhm,2002-10-11T16:49:29
IM/JO/9,JO,9,T/JO/77,false,12/11/1628,2028-11-12T00:00:00,Tolbooth,Dalkeith,false,,jhm,2001-06-07T14:43:52,jhm,2001-06-07T14:44:12
IM/JO/90,JO,90,T/JO/333,false,29/4/1630,2030-04-29T00:00:00,,Crichton,false,,jhm,2001-07-04T10:19:51,jhm,2001-07-04T10:20:20
IM/JO/91,JO,91,T/JO/342,false,,,,Dalkeith,false,,jhm,2001-07-04T13:32:56,jhm,2002-10-11T16:49:40
IM/JO/92,JO,92,T/JO/343,false,,,,Dalkeith,false,Released,jhm,2001-07-04T13:43:16,jhm,2002-10-11T16:50:52
IM/LA/1,LA,1,T/LA/1,true,13/2/1629,2029-02-13T00:00:00,Tolbooth,Edinburgh,false,,LEM,2001-05-17T10:10:47,LEM,2001-06-12T10:45:40
IM/LA/100,LA,100,T/LA/352,false,,,,Glasgow,false,,LEM,2001-07-05T12:41:40,jhm,2002-10-11T16:28:18
IM/LA/101,LA,101,T/LA/354,false,,,Tolbooth,Linlithgow,false,,LEM,2001-07-05T12:49:59,jhm,2002-10-11T16:28:44
IM/LA/102,LA,102,T/LA/355,false,,,,St. Colme,false,,LEM,2001-07-05T13:08:53,jhm,2002-10-11T16:29:13
IM/LA/103,LA,103,T/LA/356,false,,,,St. Colme,false,,LEM,2001-07-05T13:20:00,jhm,2002-10-11T16:29:30
IM/LA/104,LA,104,T/LA/357,false,,,,St. Colme,false,,LEM,2001-07-05T13:22:09,jhm,2002-10-11T16:29:44
IM/LA/105,LA,105,T/LA/358,false,,,,St. Colme,false,,LEM,2001-07-05T13:24:49,jhm,2002-10-11T16:30:18
IM/LA/106,LA,106,T/LA/359,false,,,,St. Colme,false,,LEM,2001-07-05T13:26:11,jhm,2002-10-11T16:30:33
IM/LA/107,LA,107,T/LA/362,false,,,,Inverkeithing,false,,LEM,2001-07-05T15:10:29,jhm,2002-10-11T16:30:48
IM/LA/108,LA,108,T/LA/363,false,,,,Inverkeithing,false,,LEM,2001-07-05T15:16:38,jhm,2002-10-11T16:33:03
IM/LA/109,LA,109,T/LA/364,false,,,,Inverkeithing,false,,LEM,2001-07-05T15:19:22,jhm,2002-10-11T16:33:22
IM/LA/110,LA,110,T/LA/69,false,,,,Inverkeithing,false,,LEM,2001-07-05T15:34:16,jhm,2002-10-11T16:32:41
IM/LA/111,LA,111,T/LA/65,false,3/1623,2023-03-01T00:00:00,,Inverkeithing,false,,LEM,2001-07-05T15:36:21,jhm,2002-10-11T15:07:06
IM/LA/112,LA,112,T/LA/66,false,,,,Inverkeithing,false,,LEM,2001-07-05T15:40:07,jhm,2002-10-11T16:31:51
IM/LA/113,LA,113,T/LA/67,false,,,,Inverkeithing,false,,LEM,2001-07-05T15:43:50,jhm,2002-10-11T16:30:57
IM/LA/114,LA,114,T/LA/365,false,,,,Inverkeithing,false,,LEM,2001-07-05T15:46:34,jhm,2002-10-11T16:34:59
IM/LA/115,LA,115,T/LA/366,false,,,,Inverkeithing,false,,LEM,2001-07-05T15:49:47,jhm,2002-10-11T16:34:31
IM/LA/116,LA,116,T/LA/64,false,5/1623,2023-05-01T00:00:00,,Inverkeithing,false,,LEM,2001-07-05T15:55:45,jhm,2002-10-11T15:02:20
IM/LA/117,LA,117,T/LA/68,false,5/1623,2023-05-01T00:00:00,,Inverkeithing,false,,LEM,2001-07-05T16:01:10,jhm,2002-10-11T14:59:37
IM/LA/118,LA,118,T/LA/371,false,,,Tolbooth,Perth,false,,LEM,2001-07-05T16:14:17,jhm,2002-10-11T16:35:36
IM/LA/119,LA,119,T/LA/370,false,,,Tolbooth,Perth,false,,LEM,2001-07-05T16:14:35,jhm,2002-10-11T16:35:20
IM/LA/120,LA,120,T/LA/375,false,,,Tolbooth,Musselburgh,false,,LEM,2001-07-09T10:48:06,jhm,2002-10-18T10:33:18
IM/LA/121,LA,121,T/LA/374,false,1661,1961-06-01T00:00:00,Tolbooth,Musselburgh,false,Released,LEM,2001-07-09T10:51:06,jhm,2001-09-24T13:54:44
IM/LA/122,LA,122,T/LA/377,false,,,Tolbooth,Musselburgh,false,,LEM,2001-07-09T10:55:10,LEM,2001-07-09T10:55:18
IM/LA/123,LA,123,T/LA/378,false,,,Tolbooth,Musselburgh,false,,LEM,2001-07-09T11:28:20,LEM,2001-07-09T11:28:26
IM/LA/124,LA,124,T/LA/379,false,,,Tolbooth,musselburgh,false,,LEM,2001-07-09T12:55:02,jhm,2002-10-11T16:08:40
IM/LA/125,LA,125,T/LA/264,false,,,,Edmestoun,false,Moved,LEM,2001-07-09T13:14:55,jhm,2002-11-05T14:42:31
IM/LA/126,LA,126,T/LA/265,false,,,,Edmestoun,false,,LEM,2001-07-09T13:27:53,LEM,2001-07-09T13:27:58
IM/LA/127,LA,127,T/LA/416,false,2/1624,2024-02-01T00:00:00,Tolbooth,Culross,false,,LEM,2001-07-17T16:22:37,jhm,2002-10-11T16:36:00
IM/LA/128,LA,128,T/LA/429,false,,,,Culross,false,,LEM,2001-07-18T09:39:39,jhm,2002-10-11T16:36:58
IM/LA/129,LA,129,T/LA/430,false,,,,Culross,false,,LEM,2001-07-18T09:46:36,jhm,2002-10-11T16:37:17
IM/LA/130,LA,130,T/LA/434,false,,,Tolbooth,Crail,false,,LEM,2001-07-18T11:52:53,jhm,2002-10-11T16:38:25
IM/LA/131,LA,131,T/LA/435,false,,,Tolbooth,Dysart,false,,LEM,2001-07-18T11:58:22,jhm,2002-10-11T16:38:50
IM/LA/132,LA,132,T/LA/437,false,,,Tolbooth,Dysart,false,,LEM,2001-07-18T12:09:00,jhm,2002-10-11T16:39:23
IM/LA/133,LA,133,T/LA/438,false,,,Tolbooth,Dysart,false,,LEM,2001-07-18T12:12:05,jhm,2002-10-11T16:39:43
IM/LA/134,LA,134,T/LA/439,false,,,Tolbooth,Dysart,false,,LEM,2001-07-18T12:14:13,jhm,2002-10-11T16:39:48
IM/LA/135,LA,135,T/LA/440,false,,,Tolbooth,Dysart,false,,LEM,2001-07-18T12:17:39,jhm,2002-10-11T16:40:14
IM/LA/136,LA,136,T/LA/479,false,,,Tolbooth,Dysart,false,Released,LEM,2001-07-18T15:53:50,LEM,2002-10-28T12:42:16
IM/LA/137,LA,137,T/LA/480,false,,,Tolbooth,Dunfermline,false,,LEM,2001-07-18T15:57:42,LEM,2001-07-18T15:57:48
IM/LA/138,LA,138,T/LA/487,false,,,Tolbooth,Stirling,false,,LEM,2001-07-19T09:22:29,LEM,2001-07-19T09:22:35
IM/LA/139,LA,139,T/LA/489,false,5/7/1628,2028-07-05T00:00:00,Tolbooth,Leith,false,Released,LEM,2001-07-19T09:35:55,LEM,2001-07-19T09:36:07
IM/LA/140,LA,140,T/LA/509,false,11/8/1628,2028-08-11T00:00:00,Tolbooth,Musselburgh,false,,LEM,2001-07-19T12:44:57,LEM,2001-07-19T12:49:45
IM/LA/15,LA,15,T/LA/83,true,13/2/1629,2029-02-13T00:00:00,Tolbooth,Edinburgh,false,,LEM,2001-06-12T10:48:53,LEM,2001-06-12T10:49:10
IM/LA/16,LA,16,T/LA/15,false,,,,Haddington,true,,LEM,2001-06-13T09:18:30,LEM,2001-06-13T09:19:55
IM/LA/168,LA,168,T/LA/83,false,11/1628,2028-11-01T00:00:00,Tolbooth,Stirling,false,Moved,LEM,2001-08-14T12:24:21,LEM,2001-08-14T12:25:33
IM/LA/169,LA,169,T/LA/83,false,19/12/1628,2028-12-19T00:00:00,,Linlithgow,false,Moved,LEM,2001-08-14T12:25:46,LEM,2001-08-14T12:26:32
IM/LA/17,LA,17,T/LA/24,true,2/2/1630,2030-02-02T00:00:00,Tolbooth,Edinburgh,false,,LEM,2001-06-13T10:33:44,LEM,2001-06-13T10:34:01
IM/LA/170,LA,170,T/LA/83,false,20/12/1628,2028-12-20T00:00:00,Tolbooth,Edinburgh,false,,LEM,2001-08-14T12:26:25,LEM,2001-08-14T12:26:51
IM/LA/171,LA,171,T/LA/83,true,8/1/1629,2029-01-08T00:00:00,Tolbooth,Edinburgh,false,,LEM,2001-08-14T13:33:54,LEM,2001-08-14T13:34:06
IM/LA/173,LA,173,T/LA/618,false,,,Tolbooth,Dysart,false,Released,LEM,2001-08-15T13:07:07,LEM,2002-10-28T12:42:23
IM/LA/174,LA,174,T/LA/618,false,15/8/1630,2030-08-15T00:00:00,Tolbooth,Dysart,false,,LEM,2001-08-15T13:19:19,LEM,2001-08-15T13:20:01
IM/LA/175,LA,175,T/LA/628,false,4/1630,2030-04-01T00:00:00,Tolbooth,Dysart,false,,LEM,2001-08-16T12:49:05,jhm,2002-10-02T15:36:15
IM/LA/177,LA,177,T/LA/626,false,1/1629,2029-01-01T00:00:00,Pit,Eyemouth,false,,LEM,2001-08-17T09:12:33,jhm,2002-10-01T15:21:19
IM/LA/178,LA,178,T/LA/720,false,,,Tolbooth,Duns,false,Released,LEM,2001-08-17T14:48:37,jhm,2002-10-02T13:00:17
IM/LA/179,LA,179,T/LA/721,false,,,Tolbooth,Duns,false,Released,LEM,2001-08-17T15:00:28,jhm,2002-10-02T13:01:33
IM/LA/18,LA,18,T/LA/86,true,12/11/1629,2029-11-12T00:00:00,,Edinburgh,false,Released,LEM,2001-06-13T11:00:00,LEM,2001-06-13T11:57:17
IM/LA/180,LA,180,T/LA/726,false,6/1629,2029-06-01T00:00:00,Tolbooth,Musselburgh,false,,LEM,2001-08-29T12:27:32,jhm,2002-10-11T15:47:32
IM/LA/181,LA,181,T/LA/727,false,6/1629,2029-06-01T00:00:00,Tolbooth,Musselburgh,false,,LEM,2001-08-29T12:32:05,jhm,2002-10-11T15:47:09
IM/LA/182,LA,182,T/LA/754,false,,,Tolbooth,Causland,false,,LEM,2001-08-30T09:36:25,LEM,2001-08-30T09:36:38
IM/LA/183,LA,183,T/LA/755,false,,,Tolbooth,Cowsland,false,,LEM,2001-08-30T09:37:49,jhm,2002-10-02T15:29:47
IM/LA/184,LA,184,T/LA/756,false,,,Tolbooth,Causland,false,,LEM,2001-08-30T09:41:49,jhm,2002-10-18T10:31:36
IM/LA/19,LA,19,T/LA/87,true,12/11/1629,2029-11-12T00:00:00,,Edinburgh,false,Released,LEM,2001-06-13T11:50:56,jhm,2002-10-18T10:36:10
IM/LA/2,LA,2,T/LA/10,true,,,Tolbooth,Edinburgh,false,,LEM,2001-05-18T12:47:04,LEM,2001-05-18T12:47:13
IM/LA/21,LA,21,T/LA/88,true,17/12/1629,2029-12-17T00:00:00,Tolbooth,Edinburgh,false,,LEM,2001-06-13T12:10:58,LEM,2001-06-13T12:11:22
IM/LA/216,LA,216,T/LA/771,false,,,Tolbooth,Jedburgh,false,Released,LEM,2001-09-05T12:04:51,LEM,2001-09-05T12:05:05
IM/LA/217,LA,217,T/LA/772,false,,,Tolbooth,Jedburgh,false,Released,LEM,2001-09-05T12:09:38,LEM,2001-09-05T12:09:48
IM/LA/218,LA,218,T/LA/773,false,,,Tolbooth,Jedburgh,false,Released,LEM,2001-09-05T12:15:29,LEM,2001-09-05T12:16:51
IM/LA/219,LA,219,T/LA/774,false,,,Tolbooth,Edinburgh,false,,LEM,2001-09-05T12:32:03,LEM,2001-09-05T12:32:07
IM/LA/22,LA,22,T/LA/88,false,10/1629,2029-10-01T00:00:00,House,Newbattle Kirk,true,Moved,LEM,2001-06-13T12:13:08,jhm,2002-10-21T15:47:11
IM/LA/220,LA,220,T/LA/776,false,4/1671,1971-04-01T00:00:00,Dungeon,Kirkudbrigh,false,Released,LEM,2001-09-05T13:04:19,LEM,2001-09-05T13:04:50
IM/LA/221,LA,221,T/LA/777,false,4/1671,1971-04-01T00:00:00,Dungeon,Kirkudbrigh,false,Released,LEM,2001-09-05T13:08:31,LEM,2001-09-05T13:08:44
IM/LA/222,LA,222,T/LA/778,false,4/1671,1971-04-01T00:00:00,Dungeon,Kirkudbright,false,Released,LEM,2001-09-05T13:10:06,LEM,2001-09-05T13:10:20
IM/LA/223,LA,223,T/LA/25,true,7/1630,2030-07-01T00:00:00,,Edinburgh,false,,LEM,2001-09-06T12:26:05,LEM,2001-09-06T12:26:19
IM/LA/224,LA,224,T/LA/804,false,,,Tolbooth,Culross,false,,LEM,2001-09-07T13:11:14,LEM,2001-09-07T13:11:21
IM/LA/225,LA,225,T/LA/803,false,,,Tolbooth,Culross,false,,LEM,2001-09-07T13:12:00,LEM,2001-09-07T13:12:05
IM/LA/226,LA,226,T/LA/805,false,,,Tolbooth,Culross,false,,LEM,2001-09-07T13:14:19,LEM,2001-09-07T13:14:24
IM/LA/227,LA,227,T/LA/806,false,,,Tolbooth,Culross,false,,LEM,2001-09-07T13:16:45,LEM,2001-09-07T13:16:50
IM/LA/228,LA,228,T/LA/808,false,,,Tolbooth,Leith,false,,LEM,2001-09-07T15:30:38,LEM,2002-10-28T12:48:10
IM/LA/229,LA,229,T/LA/813,false,,,,Renfrew,true,Released,LEM,2001-09-07T16:20:35,LEM,2002-10-28T12:49:26
IM/LA/23,LA,23,T/LA/24,true,5/2/1630,2030-02-05T00:00:00,,Edinburgh,false,,LEM,2001-06-14T14:01:00,LEM,2001-06-14T14:01:28
IM/LA/230,LA,230,T/LA/813,false,,,,Innerkip,false,,LEM,2001-09-07T16:20:39,LEM,2002-10-28T12:49:17
IM/LA/231,LA,231,T/JO/609,false,,,,Edinburgh,false,,LEM,2001-09-11T11:50:44,LEM,2001-09-11T11:51:03
IM/LA/232,LA,232,T/JO/612,true,9/1678,1978-09-01T00:00:00,,Edinburgh,false,,LEM,2001-09-11T12:04:49,jhm,2002-10-11T15:45:53
IM/LA/233,LA,233,T/JO/610,true,9/1678,1978-09-01T00:00:00,,Edinburgh,false,,LEM,2001-09-11T12:07:36,jhm,2002-10-11T15:44:42
IM/LA/234,LA,234,T/JO/611,true,9/1678,1978-09-01T00:00:00,,Edinburgh,false,,LEM,2001-09-11T12:58:12,jhm,2002-10-11T15:45:06
IM/LA/235,LA,235,T/LA/822,true,9/1678,1978-09-01T00:00:00,,Edinburgh,false,,LEM,2001-09-11T13:13:31,jhm,2002-10-11T15:48:58
IM/LA/236,LA,236,T/LA/823,true,,,,Edinburgh,false,,LEM,2001-09-11T13:22:41,LEM,2001-09-11T13:22:45
IM/LA/237,LA,237,T/LA/824,true,,,,Edinburgh,false,,LEM,2001-09-11T13:27:18,LEM,2001-09-11T13:27:21
IM/LA/238,LA,238,T/LA/829,true,9/1678,1978-09-01T00:00:00,,Edinburgh,false,,LEM,2001-09-21T09:51:35,jhm,2002-10-11T15:49:36
IM/LA/239,LA,239,T/JO/609,true,9/1678,1978-09-01T00:00:00,,Edinburgh,false,,LEM,2001-09-21T10:01:04,jhm,2002-10-11T15:46:17
IM/LA/24,LA,24,T/LA/24,false,7/1/1630,2030-01-07T00:00:00,,,false,Moved,LEM,2001-06-14T14:02:37,LEM,2001-06-14T14:02:59
IM/LA/240,LA,240,T/LA/828,true,,,,Edinburgh,false,,LEM,2001-09-21T10:10:55,LEM,2001-09-21T10:10:58
IM/LA/241,LA,241,T/LA/830,true,,,,Edinburgh,false,,LEM,2001-09-21T10:14:09,LEM,2001-09-21T10:14:12
IM/LA/242,LA,242,T/JO/436,true,8/9/1679,1979-09-08T00:00:00,Tolbooth,Edinburgh,false,Released,LEM,2001-09-21T15:00:32,LEM,2002-11-07T12:31:35
IM/LA/243,LA,243,T/LA/849,false,1/1680,1980-01-01T00:00:00,,Bo'ness,false,,LEM,2001-09-21T15:19:19,jhm,2002-10-11T15:44:12
IM/LA/244,LA,244,T/LA/851,true,,,Tolbooth,Edinburgh,false,Released,LEM,2001-09-21T15:53:28,jhm,2002-10-11T15:43:33
IM/LA/25,LA,25,T/LA/24,true,23/5/1630,2030-05-23T00:00:00,Tolbooth,Edinburgh,false,,LEM,2001-06-14T14:18:29,LEM,2001-06-14T14:18:39
IM/LA/250,LA,250,T/LA/47,true,,,Tolbooth,Edinburgh,false,,LEM,2001-10-03T10:47:38,LEM,2002-10-28T12:57:38
IM/LA/26,LA,26,T/LA/25,true,12/1630,2030-12-01T00:00:00,Tolbooth,Edinburgh,false,,LEM,2001-06-15T09:57:06,LEM,2001-06-15T09:57:38
IM/LA/264,LA,264,T/LA/999,false,2/1632,2032-02-01T00:00:00,House,"Nobelstoun, Refrewshire",false,,LEM,2001-10-16T11:51:23,jhm,2002-10-18T11:26:33
IM/LA/27,LA,27,T/LA/104,true,11/2/1634,2034-02-11T00:00:00,Tolbooth,Edinburgh,false,Free on bail,LEM,2001-06-15T10:42:26,LEM,2001-06-15T10:56:25
IM/LA/28,LA,28,T/LA/104,true,11/3/1634,2034-03-11T00:00:00,Tolbooth,Edinburgh,false,,LEM,2001-06-15T11:00:31,LEM,2001-06-15T11:44:40
IM/LA/29,LA,29,T/LA/104,false,9/1/1634,2034-01-09T00:00:00,Tolbooth,Duns,true,,LEM,2001-06-15T11:51:44,jhm,2002-10-22T08:27:15
IM/LA/3,LA,3,T/LA/15,true,8/1629,2029-08-01T00:00:00,,Edinburgh,false,,LEM,2001-05-18T16:41:23,jhm,2002-10-21T14:55:19
IM/LA/307,LA,307,T/LA/1071,false,,,Tolbooth,Perth,false,,LEM,2001-10-22T12:21:16,LEM,2002-10-28T12:50:08
IM/LA/308,LA,308,T/LA/1072,false,,,Tolbooth,Perth,false,,LEM,2001-10-22T12:24:26,LEM,2002-10-28T12:50:27
IM/LA/309,LA,309,T/LA/1073,false,,,Tolbooth,Perth,false,,LEM,2001-10-22T12:25:46,LEM,2002-10-28T12:49:39
IM/LA/310,LA,310,T/LA/1074,false,,,Vestry of the Kirk,Calder,false,Released,LEM,2001-10-22T12:57:38,jhm,2002-10-18T10:54:31
IM/LA/311,LA,311,T/LA/1075,false,,,Tolbooth,Culross,false,,LEM,2001-10-22T13:14:12,LEM,2001-10-22T13:14:20
IM/LA/312,LA,312,T/LA/1075,false,12/12/1644,2044-12-12T00:00:00,Tolbooth,Canongate,false,,LEM,2001-10-22T13:14:20,jhm,2002-10-03T12:32:58
IM/LA/313,LA,313,T/LA/1076,false,,,Tolbooth,Culross,false,Moved,LEM,2001-10-22T14:47:08,LEM,2002-10-28T12:51:02
IM/LA/314,LA,314,T/LA/1089,false,,,Tolbooth,Lanark,false,,LEM,2001-10-23T10:34:21,LEM,2002-10-28T12:53:23
IM/LA/315,LA,315,T/LA/1090,false,,,Tolbooth,Lanark,false,,LEM,2001-10-23T10:40:43,LEM,2002-10-28T12:52:15
IM/LA/316,LA,316,T/LA/83,false,1/1629,2029-01-01T00:00:00,Tolbooth,Stirling,false,,LEM,2001-10-23T15:56:10,LEM,2001-10-23T15:56:23
IM/LA/317,LA,317,T/LA/1106,false,,,Steeple,Dysart,false,,LEM,2001-10-23T16:20:21,jhm,2002-10-18T10:34:10
IM/LA/318,LA,318,T/LA/1108,false,,,,"Berwick, England",false,,LEM,2001-11-21T13:54:49,jhm,2002-10-18T10:31:11
IM/LA/319,LA,319,T/LA/1119,true,7/10/1651,1951-10-07T00:00:00,,Ayr,false,,LEM,2001-11-29T11:11:34,jhm,2002-10-11T15:41:16
IM/LA/320,LA,320,T/LA/1161,false,,,Tolbooth,Dumfries,false,,LEM,2001-12-03T12:21:37,LEM,2001-12-03T12:21:43
IM/LA/321,LA,321,T/LA/1162,false,,,Tolbooth,dumfries,false,,LEM,2001-12-03T12:21:54,LEM,2001-12-03T12:22:01
IM/LA/337,LA,337,T/JO/614,true,12/1676,1976-12-01T00:00:00,Tolbooth,Paisley,false,,LEM,2002-01-16T10:42:22,LEM,2002-01-16T10:42:40
IM/LA/351,LA,351,T/LA/1189,false,,,Tolbooth,Renfrew,false,Moved,LEM,2002-01-30T13:24:52,LEM,2002-01-30T13:25:02
IM/LA/352,LA,352,T/LA/1189,false,15/4/1697,1997-04-15T00:00:00,Tolbooth,Glasgow,false,Moved,LEM,2002-01-30T13:25:03,LEM,2002-01-30T13:25:19
IM/LA/353,LA,353,T/LA/1189,false,12/5/1697,1997-05-12T00:00:00,Tolbooth,Renfrew,false,,LEM,2002-01-30T13:25:20,LEM,2002-01-30T13:25:47
IM/LA/354,LA,354,T/LA/1191,false,15/4/1697,1997-04-15T00:00:00,Tolbooth,Renfrew,false,Moved,LEM,2002-01-30T13:43:17,LEM,2002-01-30T13:43:52
IM/LA/355,LA,355,T/LA/1191,false,12/5/1697,1997-05-12T00:00:00,Tolbooth,Glasgow,false,Moved,LEM,2002-01-30T13:43:27,LEM,2002-01-30T13:44:04
IM/LA/356,LA,356,T/LA/1191,false,,,Tolbooth,Renfrew,false,,LEM,2002-01-30T13:44:04,LEM,2002-01-30T13:44:17
IM/LA/357,LA,357,T/JO/1131,false,15/4/1697,1997-04-15T00:00:00,Tolbooth,Paisley,false,,LEM,2002-01-30T15:05:39,LEM,2002-01-31T10:09:05
IM/LA/359,LA,359,T/JO/1133,false,15/4/1697,1997-04-15T00:00:00,Tolbooth,Renfrew,false,Moved,LEM,2002-01-30T15:16:03,jhm,2002-10-22T10:48:51
IM/LA/360,LA,360,T/LA/1190,false,15/4/1697,1997-04-15T00:00:00,Tolbooth,Paisley,false,,LEM,2002-01-30T15:20:22,LEM,2002-01-30T15:20:37
IM/LA/361,LA,361,T/LA/1199,false,13/4/1697,1997-04-13T00:00:00,Tolbooth,Paisley,false,Moved,LEM,2002-01-30T15:28:36,LEM,2002-01-30T15:29:16
IM/LA/362,LA,362,T/LA/1199,false,15/4/1697,1997-04-15T00:00:00,Tolbooth,Glasgow,false,Moved,LEM,2002-01-30T15:29:16,LEM,2002-01-30T15:29:29
IM/LA/363,LA,363,T/LA/1199,false,12/5/1697,1997-05-12T00:00:00,Tolbooth,Paisley,false,Moved,LEM,2002-01-30T15:29:30,LEM,2002-01-30T15:32:50
IM/LA/364,LA,364,T/LA/1201,false,15/4/1697,1997-04-15T00:00:00,Tolbooth,Renfrew,false,Moved,LEM,2002-01-30T16:09:35,LEM,2002-01-30T16:10:35
IM/LA/365,LA,365,T/LA/1201,false,13/4/1697,1997-04-13T00:00:00,Tolbooth,paisley,false,Moved,LEM,2002-01-30T16:10:01,LEM,2002-01-30T16:10:38
IM/LA/366,LA,366,T/LA/1201,false,12/5/1697,1997-05-12T00:00:00,Tolbooth,Paisley,false,,LEM,2002-01-30T16:10:16,LEM,2002-01-30T16:10:33
IM/LA/367,LA,367,T/LA/1202,false,7/7/1644,2044-07-07T00:00:00,,Dunbar,false,,LEM,2002-01-30T17:31:21,LEM,2002-01-30T17:31:34
IM/LA/368,LA,368,T/LA/1203,false,7/7/1644,2044-07-07T00:00:00,,Dunbar,false,,LEM,2002-01-30T17:33:57,LEM,2002-01-30T17:34:03
IM/LA/369,LA,369,T/LA/1204,false,7/7/1644,2044-07-07T00:00:00,,Dunbar,false,,LEM,2002-01-30T17:37:04,LEM,2002-01-30T17:37:10
IM/LA/370,LA,370,T/LA/1205,false,7/7/1644,2044-07-07T00:00:00,,Dunbar,false,,LEM,2002-01-30T17:39:41,LEM,2002-01-30T17:39:48
IM/LA/371,LA,371,T/JO/1133,false,12/5/1697,1997-05-12T00:00:00,Tolbooth,Paisley,false,,LEM,2002-01-31T10:26:47,LEM,2002-01-31T10:27:34
IM/LA/372,LA,372,T/LA/1208,false,15/4/1697,1997-04-15T00:00:00,,,false,,LEM,2002-01-31T13:05:39,LEM,2002-01-31T13:05:45
IM/LA/373,LA,373,T/LA/1209,false,15/4/1697,1997-04-15T00:00:00,Tolbooth,Renfrew,false,Released,LEM,2002-01-31T13:16:56,LEM,2002-01-31T13:17:19
IM/LA/374,LA,374,T/LA/1210,false,15/4/1697,1997-04-15T00:00:00,Tolbooth,Renfrew,false,Released,LEM,2002-01-31T13:24:48,LEM,2002-01-31T13:24:59
IM/LA/375,LA,375,T/LA/1211,false,15/4/1697,1997-04-15T00:00:00,,Renfrew,false,,LEM,2002-01-31T14:57:24,LEM,2002-01-31T14:57:39
IM/LA/376,LA,376,T/LA/1212,false,,,,Refrew,false,Released,LEM,2002-01-31T15:08:34,jhm,2002-10-18T10:22:36
IM/LA/377,LA,377,T/LA/1213,false,15/4/1697,1997-04-15T00:00:00,,Renfrew,false,,LEM,2002-01-31T20:51:23,LEM,2002-01-31T20:51:51
IM/LA/378,LA,378,T/LA/1214,false,15/4/1697,1997-04-15T00:00:00,,Renfrew,false,Moved,LEM,2002-01-31T21:04:40,LEM,2002-01-31T21:04:56
IM/LA/379,LA,379,T/LA/1214,false,12/5/1697,1997-05-12T00:00:00,,Paisley,false,,LEM,2002-01-31T21:04:58,LEM,2002-01-31T21:05:10
IM/LA/380,LA,380,T/LA/1215,false,15/4/1697,1997-04-15T00:00:00,,Renfrew,false,,LEM,2002-01-31T21:19:39,LEM,2002-01-31T21:19:47
IM/LA/381,LA,381,T/LA/1216,false,15/4/1697,1997-04-15T00:00:00,,Renfrew,false,,LEM,2002-01-31T21:32:35,LEM,2002-01-31T21:32:49
IM/LA/382,LA,382,T/LA/1217,false,15/4/1697,1997-04-15T00:00:00,,Paisley,false,,LEM,2002-02-01T11:19:46,LEM,2002-02-01T11:19:58
IM/LA/383,LA,383,T/LA/1218,false,15/4/1697,1997-04-15T00:00:00,,Paisley,false,,LEM,2002-02-01T11:42:21,LEM,2002-02-01T11:42:45
IM/LA/384,LA,384,T/LA/1219,false,15/4/1697,1997-04-15T00:00:00,,Renfrew,false,,LEM,2002-02-01T11:54:36,LEM,2002-02-01T11:54:44
IM/LA/385,LA,385,T/LA/1220,false,15/4/1697,1997-04-15T00:00:00,,Renfrew,false,,LEM,2002-02-01T12:16:46,LEM,2002-02-01T12:17:07
IM/LA/386,LA,386,T/LA/1221,false,15/4/1697,1997-04-15T00:00:00,,Renfrew,false,,LEM,2002-02-01T12:26:11,LEM,2002-02-01T12:26:19
IM/LA/387,LA,387,T/LA/1222,false,15/4/1697,1997-04-15T00:00:00,,Renfrew,false,,LEM,2002-02-01T12:37:17,LEM,2002-02-01T12:37:24
IM/LA/388,LA,388,T/LA/1224,true,1700,2000-06-01T00:00:00,,Edinburgh,false,,LEM,2002-02-07T10:03:27,jhm,2002-10-11T16:04:09
IM/LA/394,LA,394,T/JO/419,false,9/1658,1958-09-01T00:00:00,Tolbooth,Alloa,false,Released,LEM,2002-05-07T16:40:23,jhm,2002-11-04T09:22:15
IM/LA/395,LA,395,T/JO/421,false,28/12/1658,1958-12-28T00:00:00,Tolbooth,Alloa,false,Released,LEM,2002-05-08T11:04:11,LEM,2002-05-08T11:04:28
IM/LA/396,LA,396,T/LA/1137,false,,,,Stirling,false,,LEM,2002-05-09T12:24:06,jhm,2002-11-04T12:50:39
IM/LA/397,LA,397,T/JO/421,false,16/3/1669,1969-03-16T00:00:00,,,false,Released,LEM,2002-05-09T12:33:22,LEM,2002-05-09T12:33:51
IM/LA/4,LA,4,T/LA/15,false,,,,Berwick,true,Moved,LEM,2001-05-18T16:41:45,LEM,2001-05-18T16:41:55
IM/LA/407,LA,407,T/LA/1313,false,,,Tolbooth,Haddington,false,Moved,LEM,2002-06-06T12:36:33,LEM,2002-06-06T12:36:42
IM/LA/408,LA,408,T/LA/1313,false,16/1/1662,1962-01-16T00:00:00,Tolbooth,Edinburgh,false,,LEM,2002-06-06T12:36:42,LEM,2002-06-06T12:36:54
IM/LA/409,LA,409,T/JO/628,false,3/12/1677,1977-12-03T00:00:00,Tolbooth,Edinburgh,false,Released,LEM,2002-06-13T11:34:47,LEM,2002-06-13T11:35:19
IM/LA/410,LA,410,T/JO/627,false,3/12/1677,1977-12-03T00:00:00,Tolbooth,Edinbrugh,false,Released,LEM,2002-06-13T11:39:42,LEM,2002-06-13T11:39:55
IM/LA/411,LA,411,T/JO/629,false,3/12/1677,1977-12-03T00:00:00,Tolbooth,Edinburgh,false,Released,LEM,2002-06-13T11:41:25,LEM,2002-06-13T11:41:38
IM/LA/412,LA,412,T/LA/1395,false,,,Tolbooth,Edinburgh,false,Released,LEM,2002-06-13T11:46:16,jhm,2002-10-18T10:18:15
IM/LA/413,LA,413,T/LA/1104,false,6/1624,2024-06-01T00:00:00,,Orkney,false,,LEM,2002-06-17T11:05:21,jhm,2002-10-11T14:51:11
IM/LA/43,LA,43,T/LA/137,false,4/6/1634,2034-06-04T00:00:00,,Ayton,false,,LEM,2001-06-18T10:09:01,LEM,2001-06-18T10:14:07
IM/LA/431,LA,431,T/LA/1164,false,11/1662,1962-11-01T00:00:00,,Lauder,false,Released,LEM,2002-07-09T16:24:25,jhm,2002-10-11T16:05:54
IM/LA/432,LA,432,T/JO/510,false,,,Tolbooth,Linlithgow,false,Released,LEM,2002-07-10T08:47:00,jhm,2002-10-11T16:51:17
IM/LA/433,LA,433,T/LA/873,false,,,,Edinburgh,false,,LEM,2002-07-10T09:25:57,LEM,2002-10-28T12:49:52
IM/LA/434,LA,434,T/LA/1503,false,12/1/1650,1950-01-12T00:00:00,,Dumfries,false,,LEM,2002-07-10T10:49:01,LEM,2002-07-10T10:49:10
IM/LA/435,LA,435,T/LA/29,false,,,Tolbooth,Edinburgh,false,,LEM,2002-07-10T14:11:08,LEM,2002-07-10T14:11:13
IM/LA/437,LA,437,T/LA/1566,false,,,Tolbooth,Galloway,false,,LEM,2002-07-15T10:27:55,jhm,2002-10-18T10:17:09
IM/LA/438,LA,438,T/LA/1585,false,8/1651,1951-08-01T00:00:00,,,false,,LEM,2002-07-15T15:36:43,LEM,2002-07-15T15:36:49
IM/LA/439,LA,439,T/LA/1130,false,,,Prison,Stirling,false,,LEM,2002-07-18T12:53:26,LEM,2002-07-18T12:53:39
IM/LA/44,LA,44,T/LA/146,false,3/1624,2024-03-01T00:00:00,,Eyemouth,false,,LEM,2001-06-18T12:24:10,jhm,2002-10-11T14:52:57
IM/LA/440,LA,440,T/JO/204,false,,,Tolbooth,Dunbar,false,,LEM,2002-07-18T17:15:58,LEM,2002-07-18T17:16:12
IM/LA/441,LA,441,T/LA/1620,false,,,Tolbooth,Dunbar,false,Moved,LEM,2002-07-18T17:45:47,LEM,2002-07-18T17:45:55
IM/LA/442,LA,442,T/LA/1620,false,1/3/1659,1959-03-01T00:00:00,Tolbooth,Edinburgh,false,,LEM,2002-07-18T17:45:56,jhm,2002-11-04T13:15:01
IM/LA/443,LA,443,T/LA/1626,false,,,Tolbooth,Dunbar,false,Moved,LEM,2002-07-18T17:55:21,LEM,2002-07-18T17:55:29
IM/LA/444,LA,444,T/LA/1626,false,,,Tolbooth,Edinburgh,false,,LEM,2002-07-18T17:55:29,LEM,2002-07-18T17:55:35
IM/LA/445,LA,445,T/LA/1624,false,,,Tolbooth,Dunbar,false,Moved,LEM,2002-07-18T18:08:44,LEM,2002-07-18T18:08:52
IM/LA/446,LA,446,T/LA/1624,false,1/3/1659,1959-03-01T00:00:00,Tolbooth,Edinburgh,false,,LEM,2002-07-18T18:08:52,LEM,2002-07-18T18:09:24
IM/LA/447,LA,447,T/LA/1622,false,,,Tolbooth,Dunbar,false,Moved,LEM,2002-07-18T18:14:15,LEM,2002-07-18T18:14:19
IM/LA/448,LA,448,T/LA/1622,false,1/3/1659,1959-03-01T00:00:00,Tolbooth,Edinburgh,false,,LEM,2002-07-18T18:14:19,LEM,2002-07-18T18:14:35
IM/LA/449,LA,449,T/LA/1144,false,,,,Kircudbright,false,,LEM,2002-07-19T11:55:07,LEM,2002-07-19T11:55:12
IM/LA/45,LA,45,T/LA/156,false,14/12/1633,2033-12-14T00:00:00,,Eyemouth,false,Released,LEM,2001-06-18T15:20:19,LEM,2001-06-18T15:20:57
IM/LA/450,LA,450,T/LA/1141,false,1659,1959-06-01T00:00:00,,Kirkcudbright,false,,LEM,2002-07-19T12:03:57,jhm,2002-10-11T16:04:49
IM/LA/451,LA,451,T/LA/1257,false,1590,1990-06-01T00:00:00,Tolbooth,Aberdeen,false,,LEM,2002-07-24T15:29:22,jhm,2002-10-11T16:06:22
IM/LA/452,LA,452,T/LA/1647,false,4/7/1591,1991-07-04T00:00:00,House,Tranent,false,,LEM,2002-07-24T15:39:51,LEM,2002-07-24T15:40:01
IM/LA/453,LA,453,T/LA/1647,false,,,Tolbooth,Edinburgh,false,,LEM,2002-07-24T15:42:00,LEM,2002-07-24T15:43:03
IM/LA/46,LA,46,T/LA/156,false,1/1634,2034-01-01T00:00:00,,Eyemouth,false,,LEM,2001-06-18T15:24:34,jhm,2002-10-03T11:40:01
IM/LA/468,LA,468,T/LA/1651,false,1591,1991-06-01T00:00:00,Pit,Seaton,false,,LEM,2002-07-26T09:31:34,jhm,2002-10-01T15:01:17
IM/LA/469,LA,469,T/LA/1647,false,,,Pit,Seaton,false,,LEM,2002-07-26T09:35:24,LEM,2002-07-26T09:35:29
IM/LA/47,LA,47,T/LA/156,false,28/3/1634,2034-03-28T00:00:00,,Eyemouth,false,Released,LEM,2001-06-18T15:24:52,LEM,2001-06-18T15:25:50
IM/LA/470,LA,470,T/LA/1674,false,,,Tolbooth,Edinburgh,false,,LEM,2002-07-26T09:54:10,LEM,2002-10-28T12:47:01
IM/LA/471,LA,471,T/LA/1649,false,,,Tolbooth,Haddington,false,,LEM,2002-07-26T10:37:06,LEM,2002-10-28T12:45:31
IM/LA/472,LA,472,T/LA/1651,false,1591,1991-06-01T00:00:00,Castle,Seaton,false,,LEM,2002-07-26T12:04:39,jhm,2002-10-01T15:01:13
IM/LA/473,LA,473,T/LA/1683,false,,,Tolbooth,Tranent,false,,LEM,2002-08-01T10:24:50,LEM,2002-08-01T10:25:12
IM/LA/474,LA,474,T/LA/1727,false,,,Tolbooth,Tranent,false,,LEM,2002-08-01T10:28:42,LEM,2002-08-01T10:28:44
IM/LA/475,LA,475,T/LA/1727,false,,,Tolbooth,Edinburgh,false,,LEM,2002-08-01T10:29:17,LEM,2002-08-01T10:29:22
IM/LA/476,LA,476,T/LA/1683,false,,,Tolbooth,Edinburgh,false,,LEM,2002-08-01T10:29:27,LEM,2002-08-01T10:29:30
IM/LA/477,LA,477,T/LA/1120,false,,,Tolbooth,Ayr,false,,LEM,2002-08-01T10:36:20,LEM,2002-08-01T10:36:29
IM/LA/478,LA,478,T/LA/1748,false,,,Tolbooth,Ayr,false,,LEM,2002-08-02T10:30:24,jhm,2002-10-18T10:16:27
IM/LA/479,LA,479,T/LA/1750,false,,,Tolbooth,Irvine,false,,LEM,2002-08-02T11:47:54,LEM,2002-08-02T11:48:00
IM/LA/48,LA,48,T/LA/157,true,12/1/1644,2044-01-12T00:00:00,Tolbooth,Edinburgh,false,,LEM,2001-06-19T11:02:18,LEM,2001-06-19T11:02:37
IM/LA/480,LA,480,T/LA/1800,false,,,Tolbooth,Kirkend of Kircudbright,false,,LEM,2002-08-14T11:10:52,jhm,2002-10-18T10:16:08
IM/LA/481,LA,481,T/LA/1799,false,,,Tolbooth,Kirkend of Kircudbright,false,,LEM,2002-08-14T11:12:33,LEM,2002-08-14T11:13:43
IM/LA/482,LA,482,T/LA/1805,false,,,,Fortrose,false,,LEM,2002-08-14T12:22:39,LEM,2002-08-14T12:22:49
IM/LA/483,LA,483,T/LA/1803,false,,,,Fortrose,false,,LEM,2002-08-14T12:24:03,LEM,2002-08-14T12:24:07
IM/LA/484,LA,484,T/JO/1699,false,,,Thieves' Hole,Pittenweem,false,,LEM,2002-08-14T15:52:46,LEM,2002-11-11T11:34:19
IM/LA/485,LA,485,T/JO/1699,false,,,Dungeon,Pittemweem,false,,LEM,2002-08-14T15:52:57,LEM,2002-08-14T15:53:04
IM/LA/49,LA,49,T/LA/90,true,28/10/1598,1998-10-28T00:00:00,Tolbooth,Edinburgh,false,,LEM,2001-06-20T12:45:06,LEM,2001-06-20T12:45:21
IM/LA/490,LA,490,T/LA/1872,false,,,Tolbooth,Dumfries,false,,LEM,2002-08-26T10:14:24,jhm,2002-10-18T10:15:51
IM/LA/491,LA,491,T/LA/801,false,,,Tolbooth,Haddington,false,,LEM,2002-08-26T10:14:41,LEM,2002-10-28T12:47:43
IM/LA/492,LA,492,T/LA/1900,false,6/1632,2032-06-01T00:00:00,Steeple,Lasswade,false,,LEM,2002-08-26T18:27:29,jhm,2002-10-11T13:59:48
IM/LA/493,LA,493,T/LA/1247,false,3/1698,1998-03-01T00:00:00,Priory,Bewlie (in Ross),false,Released,LEM,2002-08-28T10:47:21,LEM,2002-08-28T10:48:05
IM/LA/494,LA,494,T/LA/776,false,,,Tolbooth,Dumfries,false,,LEM,2002-08-28T11:21:15,LEM,2002-08-28T11:21:21
IM/LA/495,LA,495,T/LA/1937,false,18/12/1634,2034-12-18T00:00:00,Tolbooth,Haddington,false,,LEM,2002-08-28T17:36:33,LEM,2002-10-07T12:52:59
IM/LA/496,LA,496,T/JO/1174,false,28/8/1649,2049-08-28T00:00:00,Steeple,Inverkeithing,false,Moved,LEM,2002-09-02T11:52:24,LEM,2002-09-02T11:52:50
IM/LA/497,LA,497,T/JO/1174,false,,,,Burntisland,false,,LEM,2002-09-02T12:57:48,LEM,2002-09-02T12:57:54
IM/LA/498,LA,498,T/LA/1977,false,,,Steeple,Dunfermline,false,Moved,LEM,2002-09-02T13:03:52,LEM,2002-09-02T13:04:01
IM/LA/499,LA,499,T/LA/1977,false,4/1649,2049-04-01T00:00:00,Tolbooth,Dunfermline,false,,LEM,2002-09-02T13:04:01,jhm,2002-10-11T14:00:48
IM/LA/5,LA,5,T/LA/15,false,13/7/1629,2029-07-13T00:00:00,Tolbooth,Duns,true,Moved,LEM,2001-05-18T16:41:57,jhm,2002-10-21T14:55:42
IM/LA/500,LA,500,T/JO/575,false,,,Tolbooth,Peebles,false,,LEM,2002-09-04T15:59:12,LEM,2002-09-04T15:59:34
IM/LA/501,LA,501,T/LA/2135,false,1642,2042-06-01T00:00:00,Tolbooth,Duns,false,,LEM,2002-09-09T12:38:50,jhm,2002-10-11T13:56:33
IM/LA/502,LA,502,T/LA/2138,false,11/1649,2049-11-01T00:00:00,Old Exchequer House,Edinburgh,false,,LEM,2002-09-10T15:06:51,LEM,2002-10-07T10:29:56
IM/LA/503,LA,503,T/LA/1115,true,,,,Edinburgh,false,,LEM,2002-10-09T11:36:55,jhm,2002-10-18T10:31:16
IM/LA/513,LA,513,T/LA/852,false,,,,,false,Released,LEM,2002-11-06T14:52:27,LEM,2002-11-06T14:52:28
IM/LA/514,LA,514,T/LA/853,false,,,,,false,Released,LEM,2002-11-06T14:52:31,LEM,2002-11-06T14:52:34
IM/LA/515,LA,515,T/LA/854,false,,,,,false,Released,LEM,2002-11-06T14:52:40,LEM,2002-11-06T14:52:43
IM/LA/516,LA,516,T/LA/850,false,,,,,false,Released,LEM,2002-11-06T14:55:47,LEM,2002-11-06T14:55:48
IM/LA/53,LA,53,T/LA/175,false,,,,Perth,false,,LEM,2001-06-25T10:30:25,jhm,2002-10-11T16:15:34
IM/LA/54,LA,54,T/LA/204,false,,,,Dunkeld,false,,LEM,2001-06-25T10:41:40,jhm,2002-10-11T16:15:16
IM/LA/55,LA,55,T/LA/205,false,,,,Dunkeld,false,,LEM,2001-06-25T10:44:11,jhm,2002-10-11T16:14:50
IM/LA/56,LA,56,T/LA/207,false,6/7/1609,2009-07-06T00:00:00,,Crichton,false,Rescued,LEM,2001-06-25T14:31:51,LEM,2001-06-25T14:34:31
IM/LA/57,LA,57,T/LA/207,true,,,Tolbooth,Edinburgh,false,,LEM,2001-06-25T14:34:11,LEM,2001-06-25T14:34:17
IM/LA/58,LA,58,T/LA/207,false,7/1609,2009-07-01T00:00:00,Tolbooth,Musselburgh,true,,LEM,2001-06-25T14:34:23,jhm,2002-10-11T15:37:24
IM/LA/59,LA,59,T/LA/220,false,,,Tolbooth,Perth,false,,LEM,2001-06-26T10:28:25,jhm,2002-10-11T16:17:21
IM/LA/6,LA,6,T/LA/37,false,,,Tolbooth,Edinburgh,false,,LEM,2001-05-22T12:15:08,jhm,2002-10-18T10:35:05
IM/LA/60,LA,60,T/LA/221,false,,,Tolbooth,Perth,false,,LEM,2001-06-26T10:36:48,jhm,2002-10-11T16:18:06
IM/LA/61,LA,61,T/LA/231,false,,,Tolbooth,Dunblane,false,,LEM,2001-06-26T12:52:22,jhm,2002-10-11T16:19:33
IM/LA/62,LA,62,T/LA/232,false,,,Tolbooth,Dunblane,false,,LEM,2001-06-26T15:21:34,jhm,2002-10-11T16:20:02
IM/LA/63,LA,63,T/LA/241,false,,,Tolbooth,Linlithgow,false,,LEM,2001-06-26T16:17:12,jhm,2002-10-11T16:23:35
IM/LA/64,LA,64,T/LA/242,false,,,Tolbooth,Linlithgow,false,,LEM,2001-06-26T16:25:07,jhm,2002-10-11T16:25:18
IM/LA/65,LA,65,T/LA/244,false,,,,Irvine,false,,LEM,2001-06-27T09:47:07,jhm,2002-10-11T16:24:09
IM/LA/66,LA,66,T/LA/243,false,,,,Irvine,false,,LEM,2001-06-27T09:47:20,jhm,2002-10-11T16:24:14
IM/LA/67,LA,67,T/LA/245,false,8/1617,2017-08-01T00:00:00,Tolbooth,Stirling,false,,LEM,2001-06-27T09:53:48,jhm,2002-10-11T15:36:08
IM/LA/68,LA,68,T/LA/247,false,,,,Irvine,false,,LEM,2001-06-27T10:03:02,jhm,2002-10-11T16:25:35
IM/LA/69,LA,69,T/LA/248,false,,,,Ayr,false,,LEM,2001-06-27T10:10:58,jhm,2002-10-11T16:24:44
IM/LA/7,LA,7,T/LA/40,true,7/1644,2044-07-01T00:00:00,Tolbooth,Edinburgh,false,,LEM,2001-05-22T14:41:08,LEM,2001-10-18T13:22:11
IM/LA/70,LA,70,T/LA/249,false,,,,Ayr,false,,LEM,2001-06-27T10:17:14,jhm,2002-10-11T16:25:00
IM/LA/71,LA,71,T/LA/250,false,,,,Brechin,false,,LEM,2001-06-27T10:28:27,jhm,2002-10-18T10:34:44
IM/LA/72,LA,72,T/LA/251,false,,,,Inverkeithing,false,,LEM,2001-06-27T10:39:10,jhm,2002-10-18T10:34:27
IM/LA/73,LA,73,T/LA/252,false,,,,Crail,false,,LEM,2001-06-27T10:41:05,jhm,2002-10-11T16:25:52
IM/LA/74,LA,74,T/LA/253,false,,,,Inverkeithing,false,,LEM,2001-06-27T11:43:53,LEM,2001-06-27T11:43:57
IM/LA/75,LA,75,T/LA/254,false,,,,Inverkeithing,false,,LEM,2001-06-27T11:46:57,jhm,2002-10-18T10:33:52
IM/LA/76,LA,76,T/LA/255,false,,,,Inverkeithing,false,,LEM,2001-06-27T11:49:34,jhm,2002-10-11T16:26:09
IM/LA/77,LA,77,T/LA/256,false,,,,Inverkeithing,false,,LEM,2001-06-27T11:51:35,jhm,2002-10-11T16:26:15
IM/LA/78,LA,78,T/LA/258,false,,,,Inverkeithing,false,,LEM,2001-06-27T11:56:34,jhm,2002-10-11T15:23:24
IM/LA/79,LA,79,T/LA/260,true,,,Tolbooth,Edinburgh,false,Released,LEM,2001-06-27T12:46:27,jhm,2002-10-18T10:33:23
IM/LA/80,LA,80,T/LA/261,true,,,Tolbooth,Edinburgh,false,,LEM,2001-06-27T14:37:06,LEM,2001-06-27T14:37:19
IM/LA/81,LA,81,T/LA/263,false,,,,Musselburgh,false,,LEM,2001-06-27T16:15:12,jhm,2002-11-05T14:19:51
IM/LA/82,LA,82,T/LA/264,false,,,Tolbooth,Musselburgh,false,,LEM,2001-06-27T16:23:51,jhm,2002-11-05T14:42:25
IM/LA/83,LA,83,T/LA/265,false,,,Tolbooth,Musselburgh,false,,LEM,2001-06-28T09:18:35,jhm,2002-11-05T14:26:38
IM/LA/84,LA,84,T/LA/266,false,,,,Musselburgh,false,,LEM,2001-06-28T09:28:45,jhm,2002-11-05T14:16:43
IM/LA/85,LA,85,T/LA/286,true,,,Tolbooth,Edinburgh,false,Released,LEM,2001-06-28T15:50:30,LEM,2001-06-28T15:50:50
IM/LA/86,LA,86,T/LA/287,true,,,Tolbooth,Edinburgh,false,Released,LEM,2001-06-28T15:53:20,LEM,2001-06-28T15:53:26
IM/LA/87,LA,87,T/LA/288,false,14/6/1661,1961-06-14T00:00:00,Tolbooth,Dalkeith,false,,LEM,2001-06-29T13:37:34,LEM,2001-07-16T10:54:53
IM/LA/88,LA,88,T/LA/302,true,9/8/1661,1961-08-09T00:00:00,Tolbooth,Edinburgh,false,,LEM,2001-06-29T13:49:41,LEM,2001-06-29T13:49:49
IM/LA/89,LA,89,T/LA/322,false,,,,,false,,LEM,2001-07-03T10:34:16,LEM,2001-07-03T10:34:21
IM/LA/90,LA,90,T/LA/322,true,,,,Edinburgh,false,Released,LEM,2001-07-03T10:34:28,LEM,2001-07-03T10:34:37
IM/LA/91,LA,91,T/LA/323,true,,,,Edinburgh,false,Released,LEM,2001-07-03T10:36:23,LEM,2001-07-03T10:36:27
IM/LA/92,LA,92,T/LA/325,true,,,Tolbooth,Edinburgh,false,,LEM,2001-07-03T12:24:24,LEM,2001-07-03T12:24:35
IM/LA/93,LA,93,T/LA/326,false,,,,Haddington,true,,LEM,2001-07-03T15:44:15,LEM,2002-10-28T13:08:24
IM/LA/94,LA,94,T/LA/326,true,,,Tolbooth,Edinburgh,false,,LEM,2001-07-03T15:44:41,LEM,2002-10-28T13:08:27
IM/LA/96,LA,96,T/LA/288,false,,,,Niddry,true,Moved,LEM,2001-07-04T13:17:28,LEM,2001-07-04T13:17:47
IM/LA/97,LA,97,T/LA/345,false,,,,Culross,false,,LEM,2001-07-05T11:48:25,jhm,2002-10-11T16:26:57
IM/LA/98,LA,98,T/LA/346,false,,,Tolbooth,Kirkcaldy,false,,LEM,2001-07-05T12:00:12,jhm,2002-10-11T16:27:47
IM/LA/99,LA,99,T/LA/348,false,,,Castle,Glasgow,false,,LEM,2001-07-05T12:21:07,jhm,2002-10-11T16:28:00
