moveref,movesystemid,moveid,trialref,moveto,moveexists,movedate,movedate_as_date,createdby,createdate,lastupdatedby,lastupdatedon
HLA/JO/10,JO,10,T/JO/342,Bishop,true,17/5/1632,2032-05-17T00:00:00,jhm,2001-07-04T13:35:08,jhm,2001-07-04T13:35:18
HLA/JO/100,JO,100,T/JO/1689,Presbytery,true,22/2/1603,2003-02-22T00:00:00,jhm,2002-08-02T11:37:27,jhm,2002-08-02T11:38:18
HLA/JO/101,JO,101,T/JO/1690,Presbytery,true,22/12/1603,2003-12-22T00:00:00,jhm,2002-08-02T11:50:21,jhm,2002-08-02T11:50:34
HLA/JO/102,JO,102,T/JO/1691,Presbytery,true,2/12/1603,2003-12-02T00:00:00,jhm,2002-08-02T11:53:29,jhm,2002-08-02T11:53:42
HLA/JO/103,JO,103,T/JO/1692,Presbytery,true,15/12/1603,2003-12-15T00:00:00,jhm,2002-08-02T11:55:54,jhm,2002-08-02T11:57:56
HLA/JO/104,JO,104,T/JO/1693,Presbytery,true,12/1/1604,2004-01-12T00:00:00,jhm,2002-08-02T12:02:54,jhm,2002-08-02T12:03:02
HLA/JO/105,JO,105,T/JO/1694,Presbytery,true,21/7/1675,1975-07-21T00:00:00,jhm,2002-08-02T14:12:56,jhm,2002-08-02T14:13:08
HLA/JO/106,JO,106,T/JO/1694,Local magistrate,true,15/9/1675,1975-09-15T00:00:00,jhm,2002-08-02T14:13:08,jhm,2002-08-02T14:13:46
HLA/JO/11,JO,11,T/JO/343,Bishop,true,24/1/1633,2033-01-24T00:00:00,jhm,2001-07-04T13:46:56,jhm,2001-07-04T13:47:09
HLA/JO/118,JO,118,T/JO/1951,Presbytery,true,12/1663,1963-12-01T00:00:00,jhm,2002-09-04T10:02:23,jhm,2002-09-04T10:02:36
HLA/JO/119,JO,119,T/JO/1952,Presbytery,true,12/1663,1963-12-01T00:00:00,jhm,2002-09-04T10:08:20,jhm,2002-09-04T10:08:27
HLA/JO/12,JO,12,T/JO/369,Synod,true,6/11/1649,2049-11-06T00:00:00,jhm,2001-07-09T10:51:40,jhm,2001-07-09T10:52:05
HLA/JO/13,JO,13,T/JO/433,Presbytery,true,10/9/1657,1957-09-10T00:00:00,jhm,2001-07-17T15:27:30,jhm,2001-07-17T15:27:44
HLA/JO/14,JO,14,T/JO/433,Bailie,true,16/11/1657,1957-11-16T00:00:00,jhm,2001-07-17T15:55:17,jhm,2002-11-13T14:13:24
HLA/JO/15,JO,15,T/JO/510,Presbytery,true,23/12/1612,2012-12-23T00:00:00,jhm,2001-07-23T12:16:32,jhm,2001-07-23T12:16:45
HLA/JO/16,JO,16,T/JO/511,Local sheriff,true,10/1/1616,2016-01-10T00:00:00,jhm,2001-07-23T13:42:36,jhm,2001-07-23T13:43:00
HLA/JO/17,JO,17,T/LA/354,Bailie,true,5/6/1622,2022-06-05T00:00:00,jhm,2001-07-23T15:43:01,jhm,2002-11-13T14:13:38
HLA/JO/18,JO,18,T/LA/353,Bailie,true,5/6/1622,2022-06-05T00:00:00,jhm,2001-07-23T15:48:35,jhm,2002-11-13T14:13:53
HLA/JO/19,JO,19,T/JO/574,Burgh Council,true,17/5/1649,2049-05-17T00:00:00,jhm,2001-07-31T12:08:50,jhm,2001-07-31T12:09:17
HLA/JO/20,JO,20,T/JO/593,Presbytery,true,5/1692,1992-05-01T00:00:00,jhm,2001-08-13T11:27:34,jhm,2001-08-13T11:28:40
HLA/JO/21,JO,21,T/JO/639,Local sheriff,true,31/12/1661,1961-12-31T00:00:00,jhm,2001-08-29T11:00:56,jhm,2001-08-29T11:01:17
HLA/JO/22,JO,22,T/JO/795,Local magistrate,true,3/10/1649,2049-10-03T00:00:00,jhm,2001-09-06T12:40:15,jhm,2001-09-06T12:40:40
HLA/JO/220,JO,220,T/JO/1468,Archbishop,true,,,jhm,2002-09-17T11:51:15,jhm,2002-09-17T11:51:23
HLA/JO/221,JO,221,T/LA/154,Archbishop,true,,,jhm,2002-10-02T14:41:29,jhm,2002-10-02T14:41:32
HLA/JO/222,JO,222,T/LA/1096,Presbytery,true,,,jhm,2002-10-03T16:05:49,jhm,2002-10-03T16:05:53
HLA/JO/224,JO,224,T/LA/2001,Presbytery,true,,,jhm,2002-10-23T12:11:32,jhm,2002-10-23T12:11:36
HLA/JO/225,JO,225,T/LA/2000,Presbytery,true,,,jhm,2002-10-23T12:14:23,jhm,2002-10-23T12:14:26
HLA/JO/226,JO,226,T/LA/1998,Presbytery,true,,,jhm,2002-10-23T12:15:51,jhm,2002-10-23T12:15:55
HLA/JO/227,JO,227,T/LA/1999,Presbytery,true,,,jhm,2002-10-23T12:17:38,jhm,2002-10-23T12:17:41
HLA/JO/228,JO,228,T/LA/1997,Presbytery,true,,,jhm,2002-10-23T12:19:37,jhm,2002-10-23T12:19:41
HLA/JO/229,JO,229,T/JO/366,Presbytery,true,,,jhm,2002-10-23T12:38:54,jhm,2002-10-23T12:38:59
HLA/JO/23,JO,23,T/JO/796,Local laird,true,4/1647,2047-04-01T00:00:00,jhm,2001-09-07T11:42:48,jhm,2001-09-07T12:08:42
HLA/JO/230,JO,230,T/LA/2055,Presbytery,true,,,jhm,2002-10-23T13:58:38,jhm,2002-10-23T13:58:43
HLA/JO/231,JO,231,T/JO/538,Presbytery,true,,,jhm,2002-10-23T14:47:16,jhm,2002-10-23T14:47:20
HLA/JO/232,JO,232,T/JO/534,Local laird,true,27/2/1650,1950-02-27T00:00:00,jhm,2002-10-24T12:50:10,jhm,2002-10-24T12:50:32
HLA/JO/233,JO,233,T/JO/1396,Presbytery,true,,,jhm,2002-10-25T16:39:42,jhm,2002-10-25T16:39:47
HLA/JO/234,JO,234,T/JO/1421,Presbytery,true,,,jhm,2002-10-25T17:15:12,jhm,2002-10-25T17:15:17
HLA/JO/236,JO,236,T/LA/1565,Justice of the Peace,true,,,jhm,2002-11-04T12:47:55,jhm,2002-11-04T12:47:59
HLA/JO/24,JO,24,T/JO/797,Local laird,true,4/1647,2047-04-01T00:00:00,jhm,2001-09-07T12:51:33,jhm,2001-09-07T12:51:42
HLA/JO/25,JO,25,T/JO/870,Bailie,true,24/4/1706,2006-04-24T00:00:00,jhm,2001-09-25T12:17:49,jhm,2002-11-13T14:14:19
HLA/JO/26,JO,26,T/JO/872,Kirk Session,true,7/1659,1959-07-01T00:00:00,jhm,2001-10-03T10:13:26,jhm,2001-10-03T10:13:39
HLA/JO/27,JO,27,T/JO/873,Local sheriff,true,31/5/1692,1992-05-31T00:00:00,jhm,2001-10-03T10:27:30,jhm,2001-10-03T10:27:56
HLA/JO/28,JO,28,T/JO/966,Local sheriff,true,6/3/1700,2000-03-06T00:00:00,jhm,2001-10-10T15:08:58,jhm,2001-10-10T15:10:42
HLA/JO/29,JO,29,T/JO/967,Presbytery,true,27/2/1705,2005-02-27T00:00:00,jhm,2001-10-10T15:26:00,jhm,2001-10-10T15:26:29
HLA/JO/31,JO,31,T/JO/1077,Local sheriff,true,29/1/1706,2006-01-29T00:00:00,jhm,2001-10-23T10:47:32,jhm,2001-10-23T10:47:51
HLA/JO/32,JO,32,T/JO/1135,Local sheriff,true,30/11/1698,1998-11-30T00:00:00,jhm,2001-12-04T15:46:02,jhm,2001-12-04T15:46:25
HLA/JO/33,JO,33,T/JO/1137,Burgh Council,true,29/1/1650,1950-01-29T00:00:00,jhm,2001-12-05T13:31:35,jhm,2001-12-05T13:32:05
HLA/JO/34,JO,34,T/JO/1138,Burgh Council,true,27/11/1649,2049-11-27T00:00:00,jhm,2001-12-05T13:42:26,jhm,2001-12-05T13:44:28
HLA/JO/35,JO,35,T/JO/1139,Local magistrate,true,2/7/1650,1950-07-02T00:00:00,jhm,2001-12-05T13:49:06,jhm,2001-12-05T13:50:10
HLA/JO/36,JO,36,T/JO/1140,Local magistrate,true,15/4/1650,1950-04-15T00:00:00,jhm,2001-12-05T13:54:17,jhm,2001-12-05T13:54:43
HLA/JO/37,JO,37,T/JO/1144,Local magistrate,true,2/7/1650,1950-07-02T00:00:00,jhm,2001-12-06T10:41:53,jhm,2001-12-06T10:42:24
HLA/JO/38,JO,38,T/JO/1168,Local sheriff,true,18/2/1696,1996-02-18T00:00:00,jhm,2001-12-06T14:39:02,jhm,2001-12-06T14:39:25
HLA/JO/39,JO,39,T/JO/1182,Bishop,true,25/5/1637,2037-05-25T00:00:00,jhm,2002-01-17T13:03:00,jhm,2002-01-17T13:03:16
HLA/JO/4,JO,4,T/JO/106,Bound court,true,25/7/1649,2049-07-25T00:00:00,jhm,2001-06-14T16:10:10,jhm,2001-06-14T16:10:49
HLA/JO/40,JO,40,T/JO/1257,Synod,true,12/3/1650,1950-03-12T00:00:00,jhm,2002-03-04T12:18:44,jhm,2002-03-04T12:18:58
HLA/JO/41,JO,41,T/LA/1234,Local sheriff,true,12/11/1695,1995-11-12T00:00:00,jhm,2002-03-07T15:33:38,jhm,2002-03-07T15:35:06
HLA/JO/42,JO,42,T/JO/1271,Local sheriff,true,2/3/1719,2019-03-02T00:00:00,jhm,2002-04-17T09:27:56,jhm,2002-04-17T09:28:24
HLA/JO/43,JO,43,T/JO/1272,Local sheriff,true,2/3/1719,2019-03-02T00:00:00,jhm,2002-04-17T09:34:01,jhm,2002-04-17T09:34:58
HLA/JO/44,JO,44,T/JO/1273,Local sheriff,true,2/3/1719,2019-03-02T00:00:00,jhm,2002-04-17T09:37:47,jhm,2002-04-17T09:38:40
HLA/JO/45,JO,45,T/JO/1274,Local sheriff,true,2/3/1719,2019-03-02T00:00:00,jhm,2002-04-17T09:41:35,jhm,2002-04-17T09:42:19
HLA/JO/46,JO,46,T/JO/1275,Local sheriff,true,2/3/1719,2019-03-02T00:00:00,jhm,2002-04-17T09:44:54,jhm,2002-04-17T09:45:05
HLA/JO/47,JO,47,T/JO/1276,Local sheriff,true,2/3/1719,2019-03-02T00:00:00,jhm,2002-04-17T09:48:32,jhm,2002-04-17T09:48:43
HLA/JO/48,JO,48,T/JO/1281,Local magistrate,true,30/9/1724,2024-09-30T00:00:00,jhm,2002-04-17T13:34:18,jhm,2002-04-17T13:34:45
HLA/JO/49,JO,49,T/JO/1279,Local magistrate,true,6/1708,2008-06-01T00:00:00,jhm,2002-04-17T13:39:22,jhm,2002-04-17T13:40:17
HLA/JO/5,JO,5,T/JO/150,Synod,true,24/4/1650,1950-04-24T00:00:00,jhm,2001-06-18T13:33:24,jhm,2001-06-18T13:34:06
HLA/JO/50,JO,50,T/JO/1277,Local magistrate,true,6/1708,2008-06-01T00:00:00,jhm,2002-04-17T13:40:20,jhm,2002-04-17T13:40:51
HLA/JO/51,JO,51,T/JO/1278,Local magistrate,true,6/1708,2008-06-01T00:00:00,jhm,2002-04-17T13:40:54,jhm,2002-04-17T13:41:11
HLA/JO/52,JO,52,T/JO/1280,Local magistrate,true,6/1708,2008-06-01T00:00:00,jhm,2002-04-17T13:41:14,jhm,2002-04-17T13:45:52
HLA/JO/53,JO,53,T/JO/1289,Presbytery,true,27/4/1699,1999-04-27T00:00:00,jhm,2002-05-01T16:20:58,jhm,2002-05-01T16:21:20
HLA/JO/54,JO,54,T/JO/1290,Synod,true,11/10/1697,1997-10-11T00:00:00,jhm,2002-05-01T16:40:27,jhm,2002-05-01T16:40:43
HLA/JO/57,JO,57,T/JO/1435,Local magistrate,true,10/6/1590,1990-06-10T00:00:00,jhm,2002-06-27T14:40:29,jhm,2002-06-27T14:40:45
HLA/JO/58,JO,58,T/JO/1436,Burgh Council,true,18/8/1590,1990-08-18T00:00:00,jhm,2002-06-27T15:29:43,jhm,2002-06-27T15:29:58
HLA/JO/59,JO,59,T/JO/1444,Local sheriff,true,25/3/1597,1997-03-25T00:00:00,jhm,2002-06-28T14:42:59,jhm,2002-06-28T14:43:17
HLA/JO/6,JO,6,T/JO/146,Synod,true,1/5/1650,1950-05-01T00:00:00,jhm,2001-06-18T13:34:52,jhm,2001-06-18T13:35:02
HLA/JO/60,JO,60,T/JO/1460,Presbytery,true,5/1630,2030-05-01T00:00:00,jhm,2002-07-02T14:00:24,jhm,2002-07-02T14:52:13
HLA/JO/62,JO,62,T/JO/1466,Bishop,true,16/8/1615,2015-08-16T00:00:00,jhm,2002-07-03T13:44:51,jhm,2002-07-03T13:45:11
HLA/JO/63,JO,63,T/JO/1467,Bishop,true,16/8/1615,2015-08-16T00:00:00,jhm,2002-07-03T13:49:33,jhm,2002-07-03T13:49:42
HLA/JO/64,JO,64,T/JO/1471,Local magistrate,true,5/1658,1958-05-01T00:00:00,jhm,2002-07-04T11:20:40,jhm,2002-07-04T11:21:06
HLA/JO/65,JO,65,T/JO/1514,Local laird,true,5/1649,2049-05-01T00:00:00,jhm,2002-07-11T10:30:24,jhm,2002-07-11T10:30:43
HLA/JO/66,JO,66,T/JO/1515,Local laird,true,6/1649,2049-06-01T00:00:00,jhm,2002-07-11T11:07:21,jhm,2002-07-11T11:07:30
HLA/JO/67,JO,67,T/JO/1534,Local laird,true,9/1649,2049-09-01T00:00:00,jhm,2002-07-11T15:06:16,jhm,2002-07-11T15:06:23
HLA/JO/68,JO,68,T/JO/1534,Presbytery,true,9/1649,2049-09-01T00:00:00,jhm,2002-07-11T15:06:23,jhm,2002-07-11T15:06:34
HLA/JO/69,JO,69,T/JO/1535,Local magistrate,true,5/1649,2049-05-01T00:00:00,jhm,2002-07-11T16:02:49,jhm,2002-07-11T16:11:43
HLA/JO/7,JO,7,T/JO/149,Synod,true,1/5/1650,1950-05-01T00:00:00,jhm,2001-06-18T13:36:58,jhm,2001-06-18T13:37:09
HLA/JO/70,JO,70,T/JO/1538,Synod,true,30/3/1670,1970-03-30T00:00:00,jhm,2002-07-16T10:05:32,jhm,2002-07-16T10:05:48
HLA/JO/71,JO,71,T/JO/1538,Local magistrate,true,24/4/1670,1970-04-24T00:00:00,jhm,2002-07-16T10:05:48,jhm,2002-07-16T10:06:02
HLA/JO/72,JO,72,T/JO/1539,Local magistrate,true,4/1597,1997-04-01T00:00:00,jhm,2002-07-18T09:14:26,jhm,2002-07-18T09:14:54
HLA/JO/73,JO,73,T/JO/1540,Local magistrate,true,4/1597,1997-04-01T00:00:00,jhm,2002-07-18T09:40:12,jhm,2002-07-18T09:40:26
HLA/JO/74,JO,74,T/JO/1512,Local magistrate,true,4/1597,1997-04-01T00:00:00,jhm,2002-07-18T10:04:21,jhm,2002-07-18T10:04:30
HLA/JO/76,JO,76,T/JO/1635,Presbytery,true,23/7/1649,2049-07-23T00:00:00,jhm,2002-07-22T12:19:08,jhm,2002-07-22T12:19:17
HLA/JO/77,JO,77,T/JO/1636,Presbytery,true,23/7/1649,2049-07-23T00:00:00,jhm,2002-07-22T12:24:38,jhm,2002-07-22T12:24:55
HLA/JO/78,JO,78,T/JO/1637,Presbytery,true,26/6/1649,2049-06-26T00:00:00,jhm,2002-07-22T12:29:46,jhm,2002-07-22T12:30:00
HLA/JO/79,JO,79,T/JO/1638,Presbytery,true,5/12/1649,2049-12-05T00:00:00,jhm,2002-07-22T12:36:10,jhm,2002-07-22T12:37:05
HLA/JO/8,JO,8,T/JO/147,Synod,true,1/5/1650,1950-05-01T00:00:00,jhm,2001-06-18T13:38:14,jhm,2001-06-18T13:40:10
HLA/JO/80,JO,80,T/JO/1642,Presbytery,true,18/11/1649,2049-11-18T00:00:00,jhm,2002-07-22T14:33:12,jhm,2002-07-22T14:33:24
HLA/JO/81,JO,81,T/JO/1643,Presbytery,true,18/11/1649,2049-11-18T00:00:00,jhm,2002-07-22T14:36:39,jhm,2002-07-22T14:36:51
HLA/JO/82,JO,82,T/JO/1644,Presbytery,true,18/11/1649,2049-11-18T00:00:00,jhm,2002-07-22T14:41:06,jhm,2002-07-22T14:41:14
HLA/JO/83,JO,83,T/JO/1645,Presbytery,true,18/11/1649,2049-11-18T00:00:00,jhm,2002-07-22T14:46:04,jhm,2002-07-22T14:46:11
HLA/JO/84,JO,84,T/JO/1646,Presbytery,true,18/11/1649,2049-11-18T00:00:00,jhm,2002-07-22T14:49:19,jhm,2002-07-22T14:49:29
HLA/JO/85,JO,85,T/JO/1647,Presbytery,true,18/11/1649,2049-11-18T00:00:00,jhm,2002-07-22T14:51:55,jhm,2002-07-22T14:52:03
HLA/JO/86,JO,86,T/JO/1648,Presbytery,true,18/11/1649,2049-11-18T00:00:00,jhm,2002-07-22T14:55:05,jhm,2002-07-22T14:55:17
HLA/JO/87,JO,87,T/JO/1649,Presbytery,true,18/11/1649,2049-11-18T00:00:00,jhm,2002-07-22T14:57:41,jhm,2002-07-22T14:57:58
HLA/JO/88,JO,88,T/JO/1650,Presbytery,true,18/11/1649,2049-11-18T00:00:00,jhm,2002-07-22T15:01:42,jhm,2002-07-22T15:01:55
HLA/JO/89,JO,89,T/JO/1651,Presbytery,true,18/11/1649,2049-11-18T00:00:00,jhm,2002-07-22T15:07:45,jhm,2002-07-22T15:07:58
HLA/JO/9,JO,9,T/JO/303,Bishop,true,27/5/1613,2013-05-27T00:00:00,jhm,2001-07-02T10:48:38,jhm,2001-07-02T10:48:53
HLA/JO/90,JO,90,T/JO/1652,Presbytery,true,14/12/1649,2049-12-14T00:00:00,jhm,2002-07-23T11:50:39,jhm,2002-07-23T11:50:51
HLA/JO/91,JO,91,T/JO/1191,Local magistrate,true,4/3/1647,2047-03-04T00:00:00,jhm,2002-08-01T12:22:44,jhm,2002-08-01T12:23:46
HLA/JO/92,JO,92,T/JO/1191,Provincial assembly,true,1/4/1647,2047-04-01T00:00:00,jhm,2002-08-01T12:31:33,jhm,2002-08-01T12:32:18
HLA/JO/93,JO,93,T/JO/1680,Presbytery,true,14/1/1649,2049-01-14T00:00:00,jhm,2002-08-01T13:15:37,jhm,2002-08-01T13:15:53
HLA/JO/94,JO,94,T/JO/1681,Presbytery,true,1/1/1649,2049-01-01T00:00:00,jhm,2002-08-01T13:22:57,jhm,2002-08-01T13:23:05
HLA/JO/95,JO,95,T/JO/1687,Presbytery,true,13/7/1598,1998-07-13T00:00:00,jhm,2002-08-02T11:00:49,jhm,2002-08-02T11:01:42
HLA/JO/96,JO,96,T/JO/1686,Presbytery,true,28/5/1590,1990-05-28T00:00:00,jhm,2002-08-02T11:01:49,jhm,2002-08-02T11:02:04
HLA/JO/97,JO,97,T/JO/1685,Presbytery,true,15/3/1592,1992-03-15T00:00:00,jhm,2002-08-02T11:02:17,jhm,2002-08-02T11:02:37
HLA/JO/98,JO,98,T/JO/1684,Presbytery,true,26/3/1590,1990-03-26T00:00:00,jhm,2002-08-02T11:02:50,jhm,2002-08-02T11:05:52
HLA/JO/99,JO,99,T/JO/1688,Presbytery,true,22/2/1598,1998-02-22T00:00:00,jhm,2002-08-02T11:17:14,jhm,2002-08-02T11:17:24
HLA/LA/1,LA,1,T/LA/1,Presbytery,true,22/4/1624,2024-04-22T00:00:00,LEM,2001-05-17T10:13:19,jhm,2002-10-18T15:24:33
HLA/LA/107,LA,107,T/LA/1890,Archbishop,true,,,LEM,2002-08-26T17:10:29,LEM,2002-08-26T17:11:24
HLA/LA/108,LA,108,T/LA/1897,Archbishop,true,,,LEM,2002-08-26T18:01:59,LEM,2002-08-26T18:02:02
HLA/LA/109,LA,109,T/LA/1896,Archbishop,true,,,LEM,2002-08-26T18:02:39,LEM,2002-08-26T18:02:43
HLA/LA/110,LA,110,T/LA/1895,Archbishop,true,,,LEM,2002-08-26T18:02:48,LEM,2002-08-26T18:02:50
HLA/LA/111,LA,111,T/LA/1888,Archbishop,true,,,LEM,2002-08-26T18:03:26,LEM,2002-08-26T18:03:28
HLA/LA/112,LA,112,T/LA/1886,Archbishop,true,,,LEM,2002-08-26T18:04:13,LEM,2002-08-26T18:04:15
HLA/LA/113,LA,113,T/LA/1883,Archbishop,true,,,LEM,2002-08-26T18:04:24,LEM,2002-08-26T18:04:26
HLA/LA/114,LA,114,T/LA/1898,Archbishop,true,,,LEM,2002-08-26T18:21:00,LEM,2002-08-26T18:21:10
HLA/LA/115,LA,115,T/LA/1899,Archbishop,true,,,LEM,2002-08-26T18:22:38,LEM,2002-08-26T18:22:39
HLA/LA/116,LA,116,T/LA/1900,Archbishop,true,,,LEM,2002-08-26T18:27:26,LEM,2002-08-26T18:27:28
HLA/LA/117,LA,117,T/LA/1901,Bishop,true,,,LEM,2002-08-26T18:34:55,LEM,2002-08-26T18:34:59
HLA/LA/118,LA,118,T/LA/1971,Presbytery,true,,,LEM,2002-09-02T12:21:52,LEM,2002-09-02T12:21:57
HLA/LA/119,LA,119,T/LA/1969,Presbytery,true,,,LEM,2002-09-02T12:22:19,LEM,2002-09-02T12:22:22
HLA/LA/120,LA,120,T/LA/1970,Presbytery,true,,,LEM,2002-09-02T12:22:37,LEM,2002-09-02T12:22:39
HLA/LA/121,LA,121,T/LA/1968,Presbytery,true,,,LEM,2002-09-02T12:23:19,LEM,2002-09-02T12:23:23
HLA/LA/122,LA,122,T/JO/787,Presbytery,true,,,LEM,2002-09-02T12:28:31,LEM,2002-09-02T12:28:33
HLA/LA/123,LA,123,T/LA/1974,Presbytery,true,,,LEM,2002-09-02T12:45:32,LEM,2002-09-02T12:45:35
HLA/LA/124,LA,124,T/LA/1973,Presbytery,true,,,LEM,2002-09-02T12:45:49,LEM,2002-09-02T12:45:50
HLA/LA/125,LA,125,T/LA/1972,Presbytery,true,,,LEM,2002-09-02T12:45:59,LEM,2002-09-02T12:46:00
HLA/LA/126,LA,126,T/LA/1975,Presbytery,true,,,LEM,2002-09-02T12:47:27,LEM,2002-09-02T12:47:30
HLA/LA/127,LA,127,T/LA/1976,Presbytery,true,,,LEM,2002-09-02T12:53:18,LEM,2002-09-02T12:53:20
HLA/LA/128,LA,128,T/JO/351,Presbytery,true,,,LEM,2002-09-02T13:07:19,LEM,2002-09-02T13:07:21
HLA/LA/129,LA,129,T/LA/1978,Presbytery,true,,,LEM,2002-09-03T11:36:09,LEM,2002-09-03T11:36:11
HLA/LA/13,LA,13,T/LA/445,Bishop,true,,,LEM,2001-07-18T12:44:00,LEM,2001-07-18T12:44:09
HLA/LA/130,LA,130,T/LA/1979,Presbytery,true,,,LEM,2002-09-03T11:42:11,LEM,2002-09-03T11:42:13
HLA/LA/131,LA,131,T/LA/1980,Presbytery,true,,,LEM,2002-09-03T11:44:31,LEM,2002-09-03T11:44:33
HLA/LA/132,LA,132,T/LA/1981,Presbytery,true,,,LEM,2002-09-03T11:46:57,LEM,2002-09-03T11:46:59
HLA/LA/133,LA,133,T/LA/1985,Presbytery,true,,,LEM,2002-09-03T12:03:45,LEM,2002-09-03T12:03:47
HLA/LA/134,LA,134,T/LA/1986,Presbytery,true,,,LEM,2002-09-03T12:06:26,LEM,2002-09-03T12:06:28
HLA/LA/135,LA,135,T/LA/1987,Presbytery,true,,,LEM,2002-09-03T12:10:53,LEM,2002-09-03T12:10:55
HLA/LA/136,LA,136,T/LA/1988,Presbytery,true,,,LEM,2002-09-03T12:12:52,LEM,2002-09-03T12:12:54
HLA/LA/137,LA,137,T/LA/1989,Presbytery,true,,,LEM,2002-09-03T12:22:37,LEM,2002-09-03T12:22:39
HLA/LA/138,LA,138,T/LA/1990,Presbytery,true,,,LEM,2002-09-03T12:25:19,LEM,2002-09-03T12:25:21
HLA/LA/139,LA,139,T/LA/1991,Presbytery,true,,,LEM,2002-09-03T12:28:08,LEM,2002-09-03T12:28:10
HLA/LA/14,LA,14,T/LA/477,Presbytery,true,,,LEM,2001-07-18T15:31:32,LEM,2001-07-18T15:31:38
HLA/LA/140,LA,140,T/LA/1992,Presbytery,true,,,LEM,2002-09-03T12:31:02,LEM,2002-09-03T12:31:04
HLA/LA/141,LA,141,T/JO/98,Presbytery,true,,,LEM,2002-09-03T12:35:21,LEM,2002-09-03T12:35:22
HLA/LA/142,LA,142,T/LA/1993,Presbytery,true,,,LEM,2002-09-03T12:38:28,LEM,2002-09-03T12:38:30
HLA/LA/143,LA,143,T/LA/1994,Presbytery,true,,,LEM,2002-09-03T12:39:42,LEM,2002-09-03T12:39:43
HLA/LA/144,LA,144,T/LA/1995,Presbytery,true,,,LEM,2002-09-03T12:42:19,LEM,2002-09-03T12:42:21
HLA/LA/145,LA,145,T/JO/1440,Presbytery,true,,,LEM,2002-09-03T13:22:54,LEM,2002-09-03T13:22:56
HLA/LA/146,LA,146,T/LA/2004,Presbytery,true,,,LEM,2002-09-03T14:23:08,LEM,2002-09-03T14:23:13
HLA/LA/147,LA,147,T/LA/2005,Presbytery,true,,,LEM,2002-09-03T14:30:03,LEM,2002-09-03T14:30:05
HLA/LA/148,LA,148,T/JO/361,Presbytery,true,,,LEM,2002-09-03T14:58:02,LEM,2002-09-03T14:58:03
HLA/LA/149,LA,149,T/JO/362,Presbytery,true,,,LEM,2002-09-03T15:00:37,LEM,2002-09-03T15:00:38
HLA/LA/151,LA,151,T/LA/2008,Presbytery,true,,,LEM,2002-09-03T16:31:42,LEM,2002-09-03T16:31:44
HLA/LA/152,LA,152,T/LA/2009,Presbytery,true,,,LEM,2002-09-03T16:33:10,LEM,2002-09-03T16:33:33
HLA/LA/153,LA,153,T/LA/2010,Presbytery,true,,,LEM,2002-09-03T16:37:39,LEM,2002-09-03T16:37:40
HLA/LA/154,LA,154,T/LA/2011,Presbytery,true,,,LEM,2002-09-03T16:43:18,LEM,2002-09-03T16:43:21
HLA/LA/155,LA,155,T/LA/2012,Presbytery,true,,,LEM,2002-09-03T16:47:59,LEM,2002-09-03T16:48:01
HLA/LA/156,LA,156,T/JO/367,Presbytery,true,,,LEM,2002-09-03T16:50:35,LEM,2002-09-03T16:50:38
HLA/LA/157,LA,157,T/LA/2013,Presbytery,true,,,LEM,2002-09-03T16:54:22,LEM,2002-09-03T16:54:24
HLA/LA/158,LA,158,T/LA/2014,Presbytery,true,,,LEM,2002-09-03T17:03:29,LEM,2002-09-03T17:03:32
HLA/LA/159,LA,159,T/LA/2016,Presbytery,true,,,LEM,2002-09-04T09:48:30,LEM,2002-09-04T09:48:32
HLA/LA/160,LA,160,T/LA/2017,Presbytery,true,,,LEM,2002-09-04T10:12:46,LEM,2002-09-04T10:12:48
HLA/LA/161,LA,161,T/LA/2018,Presbytery,true,,,LEM,2002-09-04T10:15:04,LEM,2002-09-04T10:15:06
HLA/LA/162,LA,162,T/LA/2056,Presbytery,true,,,LEM,2002-09-04T15:55:33,LEM,2002-09-04T15:55:34
HLA/LA/163,LA,163,T/LA/2057,Presbytery,true,,,LEM,2002-09-04T16:19:42,LEM,2002-09-04T16:19:44
HLA/LA/164,LA,164,T/LA/2058,Presbytery,true,,,LEM,2002-09-04T16:31:25,LEM,2002-09-04T16:31:27
HLA/LA/165,LA,165,T/JO/140,Presbytery,true,,,LEM,2002-09-04T16:38:14,LEM,2002-09-04T16:38:15
HLA/LA/166,LA,166,T/JO/139,Presbytery,true,,,LEM,2002-09-04T16:44:42,LEM,2002-09-04T16:44:45
HLA/LA/167,LA,167,T/LA/2059,Presbytery,true,,,LEM,2002-09-04T16:49:59,LEM,2002-09-04T16:50:00
HLA/LA/168,LA,168,T/LA/2060,Presbytery,true,,,LEM,2002-09-04T16:53:22,LEM,2002-09-04T16:53:23
HLA/LA/169,LA,169,T/LA/2061,Presbytery,true,,,LEM,2002-09-04T16:56:54,LEM,2002-09-04T16:56:56
HLA/LA/170,LA,170,T/LA/2062,Presbytery,true,,,LEM,2002-09-04T17:02:22,LEM,2002-09-04T17:02:24
HLA/LA/171,LA,171,T/LA/2063,Presbytery,true,,,LEM,2002-09-04T17:04:19,LEM,2002-09-04T17:04:23
HLA/LA/172,LA,172,T/JO/145,Presbytery,true,,,LEM,2002-09-04T17:08:37,LEM,2002-09-04T17:08:41
HLA/LA/173,LA,173,T/LA/2064,Presbytery,true,,,LEM,2002-09-05T10:25:19,LEM,2002-09-05T10:25:21
HLA/LA/174,LA,174,T/LA/2065,Presbytery,true,,,LEM,2002-09-05T10:26:42,LEM,2002-09-05T10:26:44
HLA/LA/175,LA,175,T/LA/2066,Presbytery,true,,,LEM,2002-09-05T10:30:03,LEM,2002-09-05T10:30:04
HLA/LA/176,LA,176,T/LA/2067,Presbytery,true,,,LEM,2002-09-05T10:43:45,LEM,2002-09-05T10:44:32
HLA/LA/177,LA,177,T/JO/574,Presbytery,true,,,LEM,2002-09-05T10:46:41,LEM,2002-09-05T10:46:45
HLA/LA/178,LA,178,T/LA/2068,Presbytery,true,,,LEM,2002-09-05T10:53:35,LEM,2002-09-05T10:53:37
HLA/LA/179,LA,179,T/LA/2074,Presbytery,true,,,LEM,2002-09-05T11:26:10,LEM,2002-09-05T11:26:12
HLA/LA/180,LA,180,T/LA/2075,Presbytery,true,,,LEM,2002-09-05T11:30:28,LEM,2002-09-05T11:30:30
HLA/LA/181,LA,181,T/LA/2076,Presbytery,true,,,LEM,2002-09-05T11:33:22,LEM,2002-09-05T11:33:24
HLA/LA/182,LA,182,T/LA/2077,Presbytery,true,,,LEM,2002-09-05T11:34:38,LEM,2002-09-05T11:34:39
HLA/LA/183,LA,183,T/LA/2078,Presbytery,true,,,LEM,2002-09-05T11:36:59,LEM,2002-09-05T11:37:03
HLA/LA/184,LA,184,T/LA/2079,Presbytery,true,,,LEM,2002-09-05T11:39:25,LEM,2002-09-05T11:39:27
HLA/LA/185,LA,185,T/LA/2080,Presbytery,true,,,LEM,2002-09-05T11:42:29,LEM,2002-09-05T11:42:32
HLA/LA/186,LA,186,T/LA/2081,Presbytery,true,,,LEM,2002-09-05T11:44:25,LEM,2002-09-05T11:44:27
HLA/LA/187,LA,187,T/LA/2082,Presbytery,true,,,LEM,2002-09-05T11:53:10,LEM,2002-09-05T11:53:13
HLA/LA/188,LA,188,T/LA/2083,Presbytery,true,,,LEM,2002-09-05T11:57:37,LEM,2002-09-05T11:57:39
HLA/LA/189,LA,189,T/LA/2084,Presbytery,true,,,LEM,2002-09-05T11:58:58,LEM,2002-09-05T11:59:00
HLA/LA/190,LA,190,T/LA/2085,Presbytery,true,,,LEM,2002-09-05T12:05:12,LEM,2002-09-05T12:05:14
HLA/LA/191,LA,191,T/LA/2086,Bishop,true,,,LEM,2002-09-05T13:41:39,LEM,2002-09-05T13:41:46
HLA/LA/193,LA,193,T/LA/2090,Archbishop,true,,,LEM,2002-09-05T14:15:53,LEM,2002-09-05T14:16:08
HLA/LA/194,LA,194,T/LA/2092,Bishop,true,,,LEM,2002-09-05T14:34:05,LEM,2002-09-05T14:34:07
HLA/LA/195,LA,195,T/LA/2093,Bishop,true,,,LEM,2002-09-05T14:37:57,LEM,2002-09-05T14:38:00
HLA/LA/196,LA,196,T/LA/2094,Bishop,true,,,LEM,2002-09-05T14:40:36,LEM,2002-09-05T14:40:38
HLA/LA/197,LA,197,T/LA/2100,Bishop,true,,,LEM,2002-09-05T15:18:42,LEM,2002-09-05T15:18:45
HLA/LA/198,LA,198,T/JO/1180,Archbishop,true,,,LEM,2002-09-05T15:24:13,LEM,2002-09-05T15:24:18
HLA/LA/199,LA,199,T/JO/1181,Archbishop,true,,,LEM,2002-09-05T15:26:01,LEM,2002-09-05T15:26:02
HLA/LA/2,LA,2,T/LA/10,Bishop,true,,,LEM,2001-05-18T12:47:35,LEM,2001-05-18T12:47:46
HLA/LA/200,LA,200,T/LA/2101,Archbishop,true,11/1633,2033-11-01T00:00:00,LEM,2002-09-05T15:37:12,jhm,2002-10-03T11:46:31
HLA/LA/201,LA,201,T/LA/2102,Archbishop,true,,,LEM,2002-09-05T15:40:29,LEM,2002-09-05T15:40:30
HLA/LA/202,LA,202,T/LA/2103,Archbishop,true,,,LEM,2002-09-05T15:42:19,LEM,2002-09-05T15:42:21
HLA/LA/203,LA,203,T/LA/2104,Archbishop,true,,,LEM,2002-09-06T14:59:54,LEM,2002-09-06T14:59:55
HLA/LA/204,LA,204,T/LA/156,Archbishop,true,1634,2034-06-01T00:00:00,LEM,2002-09-06T15:03:25,jhm,2002-10-03T11:40:27
HLA/LA/205,LA,205,T/LA/2105,Bishop,true,,,LEM,2002-09-06T15:09:38,LEM,2002-09-06T15:09:41
HLA/LA/206,LA,206,T/LA/2109,Bishop,true,,,LEM,2002-09-09T10:49:48,LEM,2002-09-09T10:49:51
HLA/LA/207,LA,207,T/LA/2110,Bishop,true,,,LEM,2002-09-09T10:51:23,LEM,2002-09-09T10:51:27
HLA/LA/208,LA,208,T/LA/2111,Bishop,true,,,LEM,2002-09-09T10:51:48,LEM,2002-09-09T10:51:51
HLA/LA/209,LA,209,T/LA/2113,Bishop,true,,,LEM,2002-09-09T11:00:39,LEM,2002-09-09T11:00:40
HLA/LA/210,LA,210,T/LA/2114,Archbishop,true,,,LEM,2002-09-09T11:07:44,LEM,2002-10-07T11:01:23
HLA/LA/211,LA,211,T/LA/2115,Bishop,true,,,LEM,2002-09-09T11:16:58,LEM,2002-09-09T11:16:59
HLA/LA/212,LA,212,T/LA/2116,Bishop,true,,,LEM,2002-09-09T11:30:38,LEM,2002-09-09T11:30:40
HLA/LA/213,LA,213,T/LA/2117,Bishop,true,,,LEM,2002-09-09T11:33:24,LEM,2002-09-09T11:33:27
HLA/LA/214,LA,214,T/LA/2118,Bishop,true,,,LEM,2002-09-09T11:36:21,LEM,2002-09-09T11:36:23
HLA/LA/215,LA,215,T/LA/2119,Bishop,true,,,LEM,2002-09-09T11:38:29,LEM,2002-09-09T11:38:32
HLA/LA/216,LA,216,T/LA/2126,Archbishop,true,,,LEM,2002-09-09T12:00:18,LEM,2002-09-09T12:00:20
HLA/LA/217,LA,217,T/LA/2129,Archbishop,true,,,LEM,2002-09-09T12:22:24,LEM,2002-09-09T12:22:26
HLA/LA/218,LA,218,T/LA/2135,Presbytery,true,,,LEM,2002-09-09T12:38:55,LEM,2002-09-09T12:38:57
HLA/LA/219,LA,219,T/LA/1006,Presbytery,true,,,LEM,2002-09-09T12:41:23,LEM,2002-09-09T12:41:25
HLA/LA/22,LA,22,T/LA/780,Bishop,true,,,LEM,2001-09-06T12:42:39,LEM,2001-09-06T12:42:45
HLA/LA/221,LA,221,T/LA/2134,Bishop,true,,,LEM,2002-10-07T10:33:30,LEM,2002-10-07T10:33:35
HLA/LA/222,LA,222,T/LA/2112,Archbishop,true,,,LEM,2002-10-07T11:15:10,LEM,2002-10-07T11:15:14
HLA/LA/223,LA,223,T/LA/2089,Archbishop,true,,,LEM,2002-10-07T11:40:34,LEM,2002-10-07T11:40:37
HLA/LA/224,LA,224,T/JO/375,Presbytery,true,,,LEM,2002-10-29T10:02:12,LEM,2002-10-29T10:02:16
HLA/LA/225,LA,225,T/JO/376,Presbytery,true,,,LEM,2002-10-29T10:03:05,LEM,2002-10-29T10:03:08
HLA/LA/23,LA,23,T/LA/800,Archbishop,true,,,LEM,2001-09-06T16:14:03,LEM,2001-09-06T16:14:10
HLA/LA/235,LA,235,T/JO/2117,Synod,true,,,LEM,2002-10-30T11:18:05,LEM,2002-10-30T11:18:13
HLA/LA/236,LA,236,T/JO/1143,Local magistrate,true,,,LEM,2002-10-31T17:00:49,LEM,2002-10-31T17:00:55
HLA/LA/237,LA,237,T/JO/1142,Local magistrate,true,,,LEM,2002-10-31T17:03:46,LEM,2002-10-31T17:03:49
HLA/LA/238,LA,238,T/JO/1141,Local magistrate,true,,,LEM,2002-10-31T17:05:26,LEM,2002-10-31T17:05:29
HLA/LA/239,LA,239,T/JO/537,Local magistrate,true,,,LEM,2002-11-01T11:31:09,LEM,2002-11-01T11:31:12
HLA/LA/240,LA,240,T/JO/531,Local magistrate,true,,,LEM,2002-11-01T11:38:43,LEM,2002-11-01T11:38:47
HLA/LA/241,LA,241,T/JO/527,Presbytery,true,,,LEM,2002-11-01T14:03:22,LEM,2002-11-01T14:03:25
HLA/LA/242,LA,242,T/JO/532,Local magistrate,true,,,LEM,2002-11-01T14:38:21,LEM,2002-11-01T14:38:26
HLA/LA/243,LA,243,T/JO/533,Local laird,true,,,LEM,2002-11-01T14:39:57,LEM,2002-11-01T14:40:00
HLA/LA/244,LA,244,T/JO/348,Presbytery,true,,,LEM,2002-11-01T15:18:14,LEM,2002-11-01T15:18:15
HLA/LA/245,LA,245,T/JO/345,Local magistrate,true,,,LEM,2002-11-01T15:22:23,LEM,2002-11-01T15:22:28
HLA/LA/246,LA,246,T/JO/344,Local magistrate,true,,,LEM,2002-11-01T15:23:08,LEM,2002-11-01T15:23:12
HLA/LA/247,LA,247,T/JO/328,Local laird,true,,,LEM,2002-11-01T15:30:50,LEM,2002-11-01T15:30:52
HLA/LA/248,LA,248,T/JO/326,Local laird,true,,,LEM,2002-11-01T15:33:28,LEM,2002-11-01T15:33:30
HLA/LA/249,LA,249,T/JO/192,Local magistrate,true,,,LEM,2002-11-01T15:49:59,LEM,2002-11-01T15:50:02
HLA/LA/250,LA,250,T/JO/191,Local magistrate,true,,,LEM,2002-11-01T15:50:25,LEM,2002-11-01T15:50:28
HLA/LA/251,LA,251,T/LA/475,Bishop,true,,,LEM,2002-11-04T10:30:22,LEM,2002-11-04T10:30:25
HLA/LA/252,LA,252,T/LA/231,Bishop,true,,,LEM,2002-11-05T13:59:20,LEM,2002-11-05T13:59:22
HLA/LA/253,LA,253,T/LA/1126,Presbytery,true,,,LEM,2002-11-06T10:11:30,LEM,2002-11-06T10:11:34
HLA/LA/254,LA,254,T/LA/1126,Justice of the Peace,true,,,LEM,2002-11-06T10:11:35,LEM,2002-11-06T10:11:38
HLA/LA/28,LA,28,T/LA/999,Archbishop,true,13/4/1632,2032-04-13T00:00:00,LEM,2001-10-16T11:53:34,LEM,2001-10-16T11:53:49
HLA/LA/29,LA,29,T/LA/1056,Presbytery,true,13/6/1649,2049-06-13T00:00:00,LEM,2001-10-19T15:32:00,LEM,2001-10-19T15:32:15
HLA/LA/3,LA,3,T/LA/74,Archbishop of Glasgow,true,,,LEM,2001-06-08T11:34:50,LEM,2001-06-08T11:35:04
HLA/LA/56,LA,56,T/LA/1404,Sheriff Court,true,6/6/1615,2015-06-06T00:00:00,LEM,2002-06-17T16:16:40,LEM,2002-06-17T16:16:57
HLA/LA/65,LA,65,T/LA/1501,Presbytery,true,,,LEM,2002-07-10T10:03:17,LEM,2002-07-10T10:03:27
HLA/LA/66,LA,66,T/JO/872,Presbytery,true,1/1650,1950-01-01T00:00:00,LEM,2002-07-10T10:20:37,LEM,2002-07-10T10:20:49
HLA/LA/67,LA,67,T/LA/1502,Presbytery,true,,,LEM,2002-07-10T10:36:35,LEM,2002-07-10T10:36:47
HLA/LA/68,LA,68,T/LA/1503,Presbytery,true,,,LEM,2002-07-10T10:48:48,LEM,2002-07-10T10:48:52
HLA/LA/69,LA,69,T/LA/1504,Presbytery,true,,,LEM,2002-07-10T13:27:42,LEM,2002-07-10T13:27:47
HLA/LA/70,LA,70,T/LA/1505,Presbytery,true,,,LEM,2002-07-10T13:36:33,LEM,2002-07-10T13:36:50
HLA/LA/71,LA,71,T/LA/1506,Presbytery,true,,,LEM,2002-07-10T13:47:09,LEM,2002-07-10T13:47:12
HLA/LA/72,LA,72,T/LA/37,Presbytery,true,,,LEM,2002-07-10T14:21:42,LEM,2002-07-10T14:21:46
HLA/LA/73,LA,73,T/LA/157,Lord Advocate,true,23/11/1643,2043-11-23T00:00:00,LEM,2002-07-10T16:13:01,LEM,2002-07-10T16:13:20
HLA/LA/74,LA,74,T/LA/1129,Justice of the Peace,true,2/2/1658,1958-02-02T00:00:00,LEM,2002-07-15T10:08:57,LEM,2002-07-15T10:09:14
HLA/LA/75,LA,75,T/JO/204,Local magistrate,true,5/1/1659,1959-01-05T00:00:00,LEM,2002-07-18T17:04:26,LEM,2002-07-18T17:05:04
HLA/LA/91,LA,91,T/LA/1683,Lord Justice General,true,27/11/1660,1960-11-27T00:00:00,LEM,2002-08-01T10:25:16,LEM,2002-08-01T10:25:44
HLA/LA/92,LA,92,T/LA/1727,Lord Justice General,true,27/11/1660,1960-11-27T00:00:00,LEM,2002-08-01T10:28:54,LEM,2002-08-01T10:29:06
HLA/LA/93,LA,93,T/LA/1750,Local laird,true,24/7/1649,2049-07-24T00:00:00,LEM,2002-08-02T11:47:11,LEM,2002-08-02T11:47:25
HLA/LA/94,LA,94,T/LA/1750,Committee of Estates,true,24/10/1650,1950-10-24T00:00:00,LEM,2002-08-02T11:47:29,LEM,2002-08-02T11:47:48
